﻿doi;PMID;section;ITC num;Ind studies num;questions;reviewer 1;reviewer 2;decision;identical;Notes reviewer 1;Notes reviewer 2
10.2217/cer.15.69;26793987;general_information;;;Medical Condition of Interest Name;hepatitis c virus genotype 1b;hepatitis c genotype 1;XXXX;FALSE;NA;NA
10.2217/cer.15.69;26793987;general_information;;;Countries of first author affiliations;;;usa;TRUE;;
10.2217/cer.15.69;26793987;general_information;;;Countries of last author affiliations;;;usa;TRUE;;
10.2217/cer.15.69;26793987;general_information;;;Positions of study investigators (for any authors of the article, any that applies);;;Pharmaceutical Industry, Private Data Analysis Company;TRUE;;
10.2217/cer.15.69;26793987;general_information;;;At least one author affiliated with a department of Biostatistics, Epidemiology, Public Health, Pharmacoepidemiology, or a Clinical Research unit, or private data analysis company;;;Yes;TRUE;;
10.2217/cer.15.69;26793987;general_information;;;Mentioned sources of funding;;;Pharmaceutical Industry;TRUE;;
10.2217/cer.15.69;26793987;general_information;;;Ties with pharmaceutical industry mentionned in competing interest/conflict of interest/disclaimer, or any equivalent section in the article;;;Yes;TRUE;;
10.2217/cer.15.69;26793987;general_information;;;Mention of a systematic review to find the studies to compare treatments of interest;Yes;No;Yes;FALSE;;
10.2217/cer.15.69;26793987;study_information;;1;Patient-level data used;;;Yes;TRUE;;
10.2217/cer.15.69;26793987;study_information;;1;Clinical Trial;;;Yes;TRUE;;
10.2217/cer.15.69;26793987;study_information;;1;NCT (only for clinical trial registered on clinicaltrials.gov);;;NCT01497834;TRUE;;
10.2217/cer.15.69;26793987;study_information;;1;Country where the clinical trial/observational study was conducted (international if more than one);;;japan;TRUE;;
10.2217/cer.15.69;26793987;study_information;;1;Phase of the clinical trial (clinical trial only);;;3;TRUE;;
10.2217/cer.15.69;26793987;study_information;;1;Number of treatment arms (clinical trial only);;;1;TRUE;;
10.2217/cer.15.69;26793987;study_information;;2;Patient-level data used;Yes;;XXXX;FALSE;;
10.2217/cer.15.69;26793987;study_information;;2;Clinical Trial;Yes;;XXXX;FALSE;;
10.2217/cer.15.69;26793987;study_information;;2;NCT (only for clinical trial registered on clinicaltrials.gov);NCT01718145;;NCT01718145;FALSE;;
10.2217/cer.15.69;26793987;study_information;;2;Country where the clinical trial/observational study was conducted (international if more than one);japan;;japan;FALSE;;
10.2217/cer.15.69;26793987;study_information;;2;Phase of the clinical trial (clinical trial only);3;;3;FALSE;;
10.2217/cer.15.69;26793987;study_information;;2;Number of treatment arms (clinical trial only);2 or more;;2 or more;FALSE;;
10.2217/cer.15.69;26793987;study_information;;3;Patient-level data used;;;No;TRUE;;
10.2217/cer.15.69;26793987;study_information;;3;Clinical Trial;;;Yes;TRUE;;
10.2217/cer.15.69;26793987;study_information;;3;NCT (only for clinical trial registered on clinicaltrials.gov);;;NCT01975675;TRUE;;
10.2217/cer.15.69;26793987;study_information;;3;Country where the clinical trial/observational study was conducted (international if more than one);;;japan;TRUE;;
10.2217/cer.15.69;26793987;study_information;;3;Phase of the clinical trial (clinical trial only);;;3;TRUE;;
10.2217/cer.15.69;26793987;study_information;;3;Number of treatment arms (clinical trial only);;;2 or more;TRUE;;
10.2217/cer.15.69;26793987;methodology;1;;Treatment name 1;;;daclatasvir + asunaprevir;TRUE;"supplementary materials not available
BMI  (others)
unadjusted and adjusted rate difference confidence interval seem off, not consistent with groups estimates, neither with pvalues
rate differences calculated manually";"BMI = other

Rate difference before adjustment = 1 -  0.952 = 0.048
Rate difference after adjustment = 1 -  0.993 = 0.007"
10.2217/cer.15.69;26793987;methodology;1;;Study 'number(s)' for treatment 1;"1;2";1;"1;2";FALSE;;
10.2217/cer.15.69;26793987;methodology;1;;Treatment name 2;sofosbuvir + ledipasvir;ofosbuvir/ ledipasvir;sofosbuvir + ledipasvir;FALSE;;
10.2217/cer.15.69;26793987;methodology;1;;Study 'number(s)' for treatment 2;;;3;TRUE;;
10.2217/cer.15.69;26793987;methodology;1;;Type of population-adjusted indirect comparisons performed;;;MAIC;TRUE;;
10.2217/cer.15.69;26793987;methodology;1;;Anchored comparison?;;;No;TRUE;;
10.2217/cer.15.69;26793987;methodology;1;;Form of the indirect comparison;Aggregation of multiple studies to estimate individual treatment effects (e.g. meta-analysis in a first step to estimate treatment A effect, then population adjusted indirect comparison using treatment A effect estimate);Simple (ie treatments effects extracted from two studies);Simple (ie treatments effects extracted from two studies);FALSE;;
10.2217/cer.15.69;26793987;methodology;1;;Definition of a single primary outcome for the indirect comparison;;;Yes;TRUE;;
10.2217/cer.15.69;26793987;methodology;1;;Primary Outcome Name (first one mentioned in the text of the results part if no primary outcome defined);sustained virologic response at week 12 post-treatment;sustained virologic response (svr) at 12 weeks post treatment;sustained virologic response at week 12 post-treatment;FALSE;;
10.2217/cer.15.69;26793987;methodology;1;;Primary outcome: variable type;;;Binary (eg rates);TRUE;;
10.2217/cer.15.69;26793987;methodology;1;;Justification for selecting variables to be included in the adjustment model (in the main text);;;Nothing mentioned, not reported;TRUE;;
10.2217/cer.15.69;26793987;methodology;1;;Inclusion of prognostic factors in the adjustment/matching model;;;No discussion (in the main text) of the status of prognostic factors of the variables;TRUE;;
10.2217/cer.15.69;26793987;methodology;1;;Inclusion of treatment-effect modifiers in the adjustment/matching model;;;No discussion (in the main text) of the status of treatment-effect modifiers of the variables;TRUE;;
10.2217/cer.15.69;26793987;methodology;1;;Mention of the MAIC weights estimation model / STC adjustment model details in the main text **or supplemental materials** (ie matching on first moment, second moment, including interaction term, etc);;;No;TRUE;;
10.2217/cer.15.69;26793987;methodology;1;;Discussion of the choice of the scale for the outcome in the main text (ie natural outcome scale vs transformed outcome scale);;;No;TRUE;;
10.2217/cer.15.69;26793987;results;1;;Sample size of the population of interest in the non IPD treatment arm;;;171;TRUE;;
10.2217/cer.15.69;26793987;results;1;;Initial sample size of the population of interest in the IPD treatment arm;;;252;TRUE;;
10.2217/cer.15.69;26793987;results;1;;Reporting of a weights' distribution evaluation (MAIC);;;Not mentioned;TRUE;;
10.2217/cer.15.69;26793987;results;1;;Reporting of the list of the covariates adjusted for/matched on;;;Yes;TRUE;;
10.2217/cer.15.69;26793987;results;1;;Number of covariates adjusted for/matched on;;;11;TRUE;;
10.2217/cer.15.69;26793987;results;1;;Covariates adjusted for/matched on in the indirect comparison;;;Age, Sex, Disease severity/disease history (ie past conditions or symptoms directly related to the disease of interest, eg history of venous thromboembolism in sickle cell disease), Past treatments for the disease of interest, Other(s);TRUE;;
10.2217/cer.15.69;26793987;results;1;;Primary outcome: treatment effect contrast;;;Rate difference;TRUE;;
10.2217/cer.15.69;26793987;results;1;;Direction of the treatment effect contrast: IPD treatment is:;Numerator if ratio, or left side if difference;Denominator if ratio, or rightside if difference;Numerator if ratio, or left side if difference;FALSE;;
10.2217/cer.15.69;26793987;results;1;;p-value for the unadjusted treatment effect (or 95 CI if pvalue is not provided, written as [X.XX-Y.YY]);;;0.004;TRUE;;
10.2217/cer.15.69;26793987;results;1;;"p-value for the adjusted treatment effect (or 95 CI if pvalue is not provided, written as [X.XX;Y.YY])";;;0.398;TRUE;;
10.2217/cer.15.69;26793987;results;1;;Primary outcome: unadjusted treatment effect;-0.048;;;FALSE;;
10.2217/cer.15.69;26793987;results;1;;Primary outcome: adjusted treatment effect;-0.007;;;FALSE;;
