﻿doi;PMID;section;ITC num;Ind studies num;questions;reviewer 1;reviewer 2;decision;identical;Notes reviewer 1;Notes reviewer 2
10.2217/cer-2018-0020;30168349;general_information;;;Medical Condition of Interest Name;advanced pancreatic neuroendocrine tumor;advanced pancreatic neuroendocrine tumors;XXXX;FALSE;NA;NA
10.2217/cer-2018-0020;30168349;general_information;;;Countries of first author affiliations;;;canada;TRUE;;
10.2217/cer-2018-0020;30168349;general_information;;;Countries of last author affiliations;;;uk;TRUE;;
10.2217/cer-2018-0020;30168349;general_information;;;Positions of study investigators (for any authors of the article, any that applies);;;Academic, Pharmaceutical Industry, Private Data Analysis Company;TRUE;;
10.2217/cer-2018-0020;30168349;general_information;;;At least one author affiliated with a department of Biostatistics, Epidemiology, Public Health, Pharmacoepidemiology, or a Clinical Research unit, or private data analysis company;;;Yes;TRUE;;
10.2217/cer-2018-0020;30168349;general_information;;;Mentioned sources of funding;;;Pharmaceutical Industry;TRUE;;
10.2217/cer-2018-0020;30168349;general_information;;;Ties with pharmaceutical industry mentionned in competing interest/conflict of interest/disclaimer, or any equivalent section in the article;;;Yes;TRUE;;
10.2217/cer-2018-0020;30168349;general_information;;;Mention of a systematic review to find the studies to compare treatments of interest;;;No;TRUE;;
10.2217/cer-2018-0020;30168349;study_information;;1;Patient-level data used;;;Yes;TRUE;;
10.2217/cer-2018-0020;30168349;study_information;;1;Clinical Trial;;;Yes;TRUE;;
10.2217/cer-2018-0020;30168349;study_information;;1;NCT (only for clinical trial registered on clinicaltrials.gov);;;NCT00428597;TRUE;;
10.2217/cer-2018-0020;30168349;study_information;;1;Country where the clinical trial/observational study was conducted (international if more than one);;;international;TRUE;;
10.2217/cer-2018-0020;30168349;study_information;;1;Phase of the clinical trial (clinical trial only);;;3;TRUE;;
10.2217/cer-2018-0020;30168349;study_information;;1;Number of treatment arms (clinical trial only);;;2 or more;TRUE;;
10.2217/cer-2018-0020;30168349;study_information;;2;Patient-level data used;;;No;TRUE;;
10.2217/cer-2018-0020;30168349;study_information;;2;Clinical Trial;;;Yes;TRUE;;
10.2217/cer-2018-0020;30168349;study_information;;2;NCT (only for clinical trial registered on clinicaltrials.gov);;;NCT00510068;TRUE;;
10.2217/cer-2018-0020;30168349;study_information;;2;Country where the clinical trial/observational study was conducted (international if more than one);;;international;TRUE;;
10.2217/cer-2018-0020;30168349;study_information;;2;Phase of the clinical trial (clinical trial only);;;3;TRUE;;
10.2217/cer-2018-0020;30168349;study_information;;2;Number of treatment arms (clinical trial only);;;2 or more;TRUE;;
10.2217/cer-2018-0020;30168349;methodology;1;;Treatment name 1;;;sunitinib;TRUE;"Reciprocal analysis from a MAIC published using the opposite IPD and non IPD data
Conduct both adjusted and unadjusted analysis, so report results for both
median age and proportion > 64 years counted as one variable
concurrent use of somatostatin: other
Assess the residual confounding by comparing treatment arms: although this should not have any importance in an anchored analysis, and this should not be really comparable in an unanchored one
Conclude that the changes observed between their MAIC and the one from Signorovitch is due to change in data (longer followup available), while it could theoretically due to the fact that treatment effect modifiers are not distributed the same way across populations
";NA
10.2217/cer-2018-0020;30168349;methodology;1;;Study 'number(s)' for treatment 1;;;1;TRUE;;
10.2217/cer-2018-0020;30168349;methodology;1;;Treatment name 2;;;everolimus;TRUE;;
10.2217/cer-2018-0020;30168349;methodology;1;;Study 'number(s)' for treatment 2;;;2;TRUE;;
10.2217/cer-2018-0020;30168349;methodology;1;;Type of population-adjusted indirect comparisons performed;;;MAIC;TRUE;;
10.2217/cer-2018-0020;30168349;methodology;1;;Anchored comparison?;;;Yes;TRUE;;
10.2217/cer-2018-0020;30168349;methodology;1;;Form of the indirect comparison;;;Simple (ie treatments effects extracted from two studies);TRUE;;
10.2217/cer-2018-0020;30168349;methodology;1;;Definition of a single primary outcome for the indirect comparison;;;Yes;TRUE;;
10.2217/cer-2018-0020;30168349;methodology;1;;Primary Outcome Name (first one mentioned in the text of the results part if no primary outcome defined);;;progression-free survival;TRUE;;
10.2217/cer-2018-0020;30168349;methodology;1;;Primary outcome: variable type;;;Time-to-event;TRUE;;
10.2217/cer-2018-0020;30168349;methodology;1;;Justification for selecting variables to be included in the adjustment model (in the main text);;;Nothing mentioned, not reported;TRUE;;
10.2217/cer-2018-0020;30168349;methodology;1;;Inclusion of prognostic factors in the adjustment/matching model;No discussion (in the main text) of the status of prognostic factors of the variables;No;No discussion (in the main text) of the status of prognostic factors of the variables;FALSE;;
10.2217/cer-2018-0020;30168349;methodology;1;;Inclusion of treatment-effect modifiers in the adjustment/matching model;No discussion (in the main text) of the status of treatment-effect modifiers of the variables;Yes;No discussion (in the main text) of the status of treatment-effect modifiers of the variables;FALSE;;
10.2217/cer-2018-0020;30168349;methodology;1;;Mention of the MAIC weights estimation model / STC adjustment model details in the main text **or supplemental materials** (ie matching on first moment, second moment, including interaction term, etc);;;No;TRUE;;
10.2217/cer-2018-0020;30168349;methodology;1;;Discussion of the choice of the scale for the outcome in the main text (ie natural outcome scale vs transformed outcome scale);;;No;TRUE;;
10.2217/cer-2018-0020;30168349;methodology;2;;Treatment name 1;;;sunitinib;TRUE;NA;Predictor = prognostic factor ??
10.2217/cer-2018-0020;30168349;methodology;2;;Study 'number(s)' for treatment 1;;;1;TRUE;;
10.2217/cer-2018-0020;30168349;methodology;2;;Treatment name 2;;;everolimus;TRUE;;
10.2217/cer-2018-0020;30168349;methodology;2;;Study 'number(s)' for treatment 2;;;2;TRUE;;
10.2217/cer-2018-0020;30168349;methodology;2;;Type of population-adjusted indirect comparisons performed;;;MAIC;TRUE;;
10.2217/cer-2018-0020;30168349;methodology;2;;Anchored comparison?;;;No;TRUE;;
10.2217/cer-2018-0020;30168349;methodology;2;;Form of the indirect comparison;;;Simple (ie treatments effects extracted from two studies);TRUE;;
10.2217/cer-2018-0020;30168349;methodology;2;;Definition of a single primary outcome for the indirect comparison;;;Yes;TRUE;;
10.2217/cer-2018-0020;30168349;methodology;2;;Primary Outcome Name (first one mentioned in the text of the results part if no primary outcome defined);;;overall survival;TRUE;;
10.2217/cer-2018-0020;30168349;methodology;2;;Primary outcome: variable type;;;Time-to-event;TRUE;;
10.2217/cer-2018-0020;30168349;methodology;2;;Justification for selecting variables to be included in the adjustment model (in the main text);;;Nothing mentioned, not reported;TRUE;;
10.2217/cer-2018-0020;30168349;methodology;2;;Inclusion of prognostic factors in the adjustment/matching model;No discussion (in the main text) of the status of prognostic factors of the variables;Yes;No discussion (in the main text) of the status of prognostic factors of the variables;FALSE;;
10.2217/cer-2018-0020;30168349;methodology;2;;Inclusion of treatment-effect modifiers in the adjustment/matching model;No discussion (in the main text) of the status of treatment-effect modifiers of the variables;Yes;No discussion (in the main text) of the status of treatment-effect modifiers of the variables;FALSE;;
10.2217/cer-2018-0020;30168349;methodology;2;;Mention of the MAIC weights estimation model / STC adjustment model details in the main text **or supplemental materials** (ie matching on first moment, second moment, including interaction term, etc);;;No;TRUE;;
10.2217/cer-2018-0020;30168349;methodology;2;;Discussion of the choice of the scale for the outcome in the main text (ie natural outcome scale vs transformed outcome scale);;;No;TRUE;;
10.2217/cer-2018-0020;30168349;results;1;;Sample size of the population of interest in the non IPD treatment arm;;;207;TRUE;;
10.2217/cer-2018-0020;30168349;results;1;;If anchored comparison, sample size of the population of interest in the non IPD treatment anchor arm;;;203;TRUE;;
10.2217/cer-2018-0020;30168349;results;1;;Initial sample size of the population of interest in the IPD treatment arm;;;86;TRUE;;
10.2217/cer-2018-0020;30168349;results;1;;"Sample size in the IPD treatment arm used in the indirect comparison, ie effective sample size after reweighting for MAIC; or sample size used in the regression model for STC";85;43;43;FALSE;;
10.2217/cer-2018-0020;30168349;results;1;;If anchored comparison, initial sample size of the population of interest in the IPD anchor arm;43;85;85;FALSE;;
10.2217/cer-2018-0020;30168349;results;1;;"If anchored comparison, effective sample size after reweighting for MAIC; or sample size used in the regression model for STC in the IPD anchor arm";;;31;TRUE;;
10.2217/cer-2018-0020;30168349;results;1;;Reporting of a weights' distribution evaluation (MAIC);;;Not mentioned;TRUE;;
10.2217/cer-2018-0020;30168349;results;1;;Reporting of the list of the covariates adjusted for/matched on;;;Yes;TRUE;;
10.2217/cer-2018-0020;30168349;results;1;;Number of covariates adjusted for/matched on;11;12;11;FALSE;;
10.2217/cer-2018-0020;30168349;results;1;;Covariates adjusted for/matched on in the indirect comparison;Age, Sex, Disease severity/disease history (ie past conditions or symptoms directly related to the disease of interest, eg history of venous thromboembolism in sickle cell disease), Race/ethnicity, Performance score (ECOG PS, Karnofsky, Lansky, OMS, Ranson, ...), Past treatments for the disease of interest, Other(s);Age, Sex, Disease severity/disease history (ie past conditions or symptoms directly related to the disease of interest, eg history of venous thromboembolism in sickle cell disease), Race/ethnicity, Performance score (ECOG PS, Karnofsky, Lansky, OMS, Ranson, ...), Past treatments for the disease of interest;Age, Sex, Disease severity/disease history (ie past conditions or symptoms directly related to the disease of interest, eg history of venous thromboembolism in sickle cell disease), Race/ethnicity, Performance score (ECOG PS, Karnofsky, Lansky, OMS, Ranson, ...), Past treatments for the disease of interest;FALSE;;
10.2217/cer-2018-0020;30168349;results;1;;Primary outcome: treatment effect contrast;;;HR;TRUE;;
10.2217/cer-2018-0020;30168349;results;1;;Direction of the treatment effect contrast: IPD treatment is:;;;Numerator if ratio, or left side if difference;TRUE;;
10.2217/cer-2018-0020;30168349;results;1;;Primary outcome: unadjusted treatment effect;;;1.2;TRUE;;
10.2217/cer-2018-0020;30168349;results;1;;p-value for the unadjusted treatment effect (or 95 CI if pvalue is not provided, written as [X.XX-Y.YY]);;;"[0.72;2.01]";TRUE;;
10.2217/cer-2018-0020;30168349;results;1;;Primary outcome: adjusted treatment effect;;;0.85;TRUE;;
10.2217/cer-2018-0020;30168349;results;1;;"p-value for the adjusted treatment effect (or 95 CI if pvalue is not provided, written as [X.XX;Y.YY])";;;"[0.39;1.89]";TRUE;;
10.2217/cer-2018-0020;30168349;results;2;;Sample size of the population of interest in the non IPD treatment arm;;;207;TRUE;;
10.2217/cer-2018-0020;30168349;results;2;;Initial sample size of the population of interest in the IPD treatment arm;;;86;TRUE;;
10.2217/cer-2018-0020;30168349;results;2;;Reporting of a weights' distribution evaluation (MAIC);;;Not mentioned;TRUE;;
10.2217/cer-2018-0020;30168349;results;2;;Reporting of the list of the covariates adjusted for/matched on;;;Yes;TRUE;;
10.2217/cer-2018-0020;30168349;results;2;;Number of covariates adjusted for/matched on;11;12;11;FALSE;;
10.2217/cer-2018-0020;30168349;results;2;;Covariates adjusted for/matched on in the indirect comparison;Age, Sex, Disease severity/disease history (ie past conditions or symptoms directly related to the disease of interest, eg history of venous thromboembolism in sickle cell disease), Race/ethnicity, Performance score (ECOG PS, Karnofsky, Lansky, OMS, Ranson, ...), Past treatments for the disease of interest, Other(s);Age, Sex, Disease severity/disease history (ie past conditions or symptoms directly related to the disease of interest, eg history of venous thromboembolism in sickle cell disease), Race/ethnicity, Performance score (ECOG PS, Karnofsky, Lansky, OMS, Ranson, ...), Past treatments for the disease of interest;Age, Sex, Disease severity/disease history (ie past conditions or symptoms directly related to the disease of interest, eg history of venous thromboembolism in sickle cell disease), Race/ethnicity, Performance score (ECOG PS, Karnofsky, Lansky, OMS, Ranson, ...), Past treatments for the disease of interest;FALSE;;
10.2217/cer-2018-0020;30168349;results;2;;Primary outcome: treatment effect contrast;;;HR;TRUE;;
10.2217/cer-2018-0020;30168349;results;2;;Direction of the treatment effect contrast: IPD treatment is:;;;Numerator if ratio, or left side if difference;TRUE;;
10.2217/cer-2018-0020;30168349;results;2;;Primary outcome: unadjusted treatment effect;;;1.03;TRUE;;
10.2217/cer-2018-0020;30168349;results;2;;p-value for the unadjusted treatment effect (or 95 CI if pvalue is not provided, written as [X.XX-Y.YY]);;;"[0.75;1.42]";TRUE;;
10.2217/cer-2018-0020;30168349;results;2;;Primary outcome: adjusted treatment effect;;;0.82;TRUE;;
10.2217/cer-2018-0020;30168349;results;2;;"p-value for the adjusted treatment effect (or 95 CI if pvalue is not provided, written as [X.XX;Y.YY])";;;"[0.53;1.27]";TRUE;;
10.2217/cer-2018-0020;30168349;results;2;;"Sample size in the IPD treatment arm used in the indirect comparison, ie effective sample size after reweighting for MAIC; or sample size used in the regression model for STC";43;;43;FALSE;;
