doi	PMID	section	ITC num	Ind studies num	questions	reviewer 1	reviewer 2	decision	identical	Notes reviewer 1	Notes reviewer 2
10.1183/13993003.01393-2018	30309978	general_information			Medical Condition of Interest Name	severe uncontrolled asthma	severe asthma	severe uncontrolled asthma	FALSE	NA	NA
10.1183/13993003.01393-2018	30309978	general_information			Countries of first author affiliations			france	TRUE		
10.1183/13993003.01393-2018	30309978	general_information			Countries of last author affiliations			usa	TRUE		
10.1183/13993003.01393-2018	30309978	general_information			Positions of study investigators (for any authors of the article, any that applies)			Academic, Pharmaceutical Industry, Private Data Analysis Company	TRUE		
10.1183/13993003.01393-2018	30309978	general_information			At least one author affiliated with a department of Biostatistics, Epidemiology, Public Health, Pharmacoepidemiology, or a Clinical Research unit, or private data analysis company			Yes	TRUE		
10.1183/13993003.01393-2018	30309978	general_information			Mentioned sources of funding			Pharmaceutical Industry	TRUE		
10.1183/13993003.01393-2018	30309978	general_information			Ties with pharmaceutical industry mentionned in competing interest/conflict of interest/disclaimer, or any equivalent section in the article			Yes	TRUE		
10.1183/13993003.01393-2018	30309978	general_information			Mention of a systematic review to find the studies to compare treatments of interest			Yes	TRUE		
10.1183/13993003.01393-2018	30309978	study_information		1	Patient-level data used			Yes	TRUE		
10.1183/13993003.01393-2018	30309978	study_information		1	Clinical Trial			Yes	TRUE		
10.1183/13993003.01393-2018	30309978	study_information		1	NCT (only for clinical trial registered on clinicaltrials.gov)			NCT01928771	TRUE		
10.1183/13993003.01393-2018	30309978	study_information		1	Country where the clinical trial/observational study was conducted (international if more than one)			international	TRUE		
10.1183/13993003.01393-2018	30309978	study_information		1	Phase of the clinical trial (clinical trial only)			3	TRUE		
10.1183/13993003.01393-2018	30309978	study_information		1	Number of treatment arms (clinical trial only)			2 or more	TRUE		
10.1183/13993003.01393-2018	30309978	study_information		2	Patient-level data used			Yes	TRUE		
10.1183/13993003.01393-2018	30309978	study_information		2	Clinical Trial			Yes	TRUE		
10.1183/13993003.01393-2018	30309978	study_information		2	NCT (only for clinical trial registered on clinicaltrials.gov)			NCT01914757	TRUE		
10.1183/13993003.01393-2018	30309978	study_information		2	Country where the clinical trial/observational study was conducted (international if more than one)			international	TRUE		
10.1183/13993003.01393-2018	30309978	study_information		2	Phase of the clinical trial (clinical trial only)			3	TRUE		
10.1183/13993003.01393-2018	30309978	study_information		2	Number of treatment arms (clinical trial only)			2 or more	TRUE		
10.1183/13993003.01393-2018	30309978	study_information		3	Patient-level data used			No	TRUE		
10.1183/13993003.01393-2018	30309978	study_information		3	Clinical Trial			Yes	TRUE		
10.1183/13993003.01393-2018	30309978	study_information		3	NCT (only for clinical trial registered on clinicaltrials.gov)			NCT01691521	TRUE		
10.1183/13993003.01393-2018	30309978	study_information		3	Country where the clinical trial/observational study was conducted (international if more than one)			international	TRUE		
10.1183/13993003.01393-2018	30309978	study_information		3	Phase of the clinical trial (clinical trial only)			3	TRUE		
10.1183/13993003.01393-2018	30309978	study_information		3	Number of treatment arms (clinical trial only)			2 or more	TRUE		
10.1183/13993003.01393-2018	30309978	study_information		4	Patient-level data used			No	TRUE		
10.1183/13993003.01393-2018	30309978	study_information		4	Clinical Trial			Yes	TRUE		
10.1183/13993003.01393-2018	30309978	study_information		4	NCT (only for clinical trial registered on clinicaltrials.gov)			NCT01000506	TRUE		
10.1183/13993003.01393-2018	30309978	study_information		4	Country where the clinical trial/observational study was conducted (international if more than one)			international	TRUE		
10.1183/13993003.01393-2018	30309978	study_information		4	Phase of the clinical trial (clinical trial only)			2	TRUE		
10.1183/13993003.01393-2018	30309978	study_information		4	Number of treatment arms (clinical trial only)			2 or more	TRUE		
10.1183/13993003.01393-2018	30309978	methodology	1		Treatment name 1			benralizumab	TRUE	"Report that one of the conducted MAIC results (versus reslizumab) were not presented because of too small ESS (20, a 99% reduction). That specific ITC has been conducted in the context of a NMA, with conclusion for the superiority of reslizumab, whereas it appears that baseline characterstics, namely baseline disease severity significantly diverge between the compared studies. 
For N IPD no details (959 total) and numbers of table 1 and 2 don't add up 
ESS benralizumab + placebo = 639
"	"mean BMI = other covariates

Effectif Benralizumab + placebo = 959
ESS  Benralizumab + placebo = 639"
10.1183/13993003.01393-2018	30309978	methodology	1		Study 'number(s)' for treatment 1			"1;2"	TRUE		
10.1183/13993003.01393-2018	30309978	methodology	1		Treatment name 2			mepolizumab	TRUE		
10.1183/13993003.01393-2018	30309978	methodology	1		Study 'number(s)' for treatment 2			"3;4"	TRUE		
10.1183/13993003.01393-2018	30309978	methodology	1		Type of population-adjusted indirect comparisons performed			MAIC	TRUE		
10.1183/13993003.01393-2018	30309978	methodology	1		Anchored comparison?			Yes	TRUE		
10.1183/13993003.01393-2018	30309978	methodology	1		Form of the indirect comparison			Aggregation of multiple studies to estimate individual treatment effects (e.g. meta-analysis in a first step to estimate treatment A effect, then population adjusted indirect comparison using treatment A effect estimate)	TRUE		
10.1183/13993003.01393-2018	30309978	methodology	1		Definition of a single primary outcome for the indirect comparison			No primary outcome defined, or multiple primary outcomes without any clear distinction between them	TRUE		
10.1183/13993003.01393-2018	30309978	methodology	1		Primary Outcome Name (first one mentioned in the text of the results part if no primary outcome defined)			annual rate of clinically significant exacerbations	TRUE		
10.1183/13993003.01393-2018	30309978	methodology	1		Primary outcome: variable type			Binary (eg rates)	TRUE		
10.1183/13993003.01393-2018	30309978	methodology	1		Justification for selecting variables to be included in the adjustment model (in the main text)	Status of prognostic factor/treatment effect modified assessed in the IPD dataset, A priori expert-knowledge (clinically or methodologically relevant to adjust on these variables based on experts/clinicians opinion), Literature based (clinically or methodologically relevant to adjust on these variables based on the literature search conducted for this specific purpose)	Statistical imbalanced between treatment groups (independently of the status of prognostic/effect modifier), Status of prognostic factor/treatment effect modified assessed in the IPD dataset, A priori expert-knowledge (clinically or methodologically relevant to adjust on these variables based on experts/clinicians opinion)	Status of prognostic factor/treatment effect modified assessed in the IPD dataset, A priori expert-knowledge (clinically or methodologically relevant to adjust on these variables based on experts/clinicians opinion), Literature based (clinically or methodologically relevant to adjust on these variables based on the literature search conducted for this specific purpose)	FALSE		
10.1183/13993003.01393-2018	30309978	methodology	1		Inclusion of prognostic factors in the adjustment/matching model			No	TRUE		
10.1183/13993003.01393-2018	30309978	methodology	1		Inclusion of treatment-effect modifiers in the adjustment/matching model			Yes	TRUE		
10.1183/13993003.01393-2018	30309978	methodology	1		Mention of the MAIC weights estimation model / STC adjustment model details in the main text **or supplemental materials** (ie matching on first moment, second moment, including interaction term, etc)	No	Yes	No	FALSE		
10.1183/13993003.01393-2018	30309978	methodology	1		Discussion of the choice of the scale for the outcome in the main text (ie natural outcome scale vs transformed outcome scale)			No	TRUE		
10.1183/13993003.01393-2018	30309978	results	1		Sample size of the population of interest in the non IPD treatment arm			538	TRUE		
10.1183/13993003.01393-2018	30309978	results	1		If anchored comparison, sample size of the population of interest in the non IPD treatment anchor arm			346	TRUE		
10.1183/13993003.01393-2018	30309978	results	1		Reporting of a weights' distribution evaluation (MAIC)			Not mentioned	TRUE		
10.1183/13993003.01393-2018	30309978	results	1		Reporting of the list of the covariates adjusted for/matched on			Yes	TRUE		
10.1183/13993003.01393-2018	30309978	results	1		Number of covariates adjusted for/matched on			7	TRUE		
10.1183/13993003.01393-2018	30309978	results	1		Covariates adjusted for/matched on in the indirect comparison			Sex, Disease severity/disease history (ie past conditions or symptoms directly related to the disease of interest, eg history of venous thromboembolism in sickle cell disease), Past treatments for the disease of interest, Other(s)	TRUE		
10.1183/13993003.01393-2018	30309978	results	1		Primary outcome: treatment effect contrast			RR	TRUE		
10.1183/13993003.01393-2018	30309978	results	1		Direction of the treatment effect contrast: IPD treatment is:			Numerator if ratio, or left side if difference	TRUE		
10.1183/13993003.01393-2018	30309978	results	1		Primary outcome: unadjusted treatment effect			1.06	TRUE		
10.1183/13993003.01393-2018	30309978	results	1		p-value for the unadjusted treatment effect (or 95 CI if pvalue is not provided, written as [X.XX-Y.YY])	0.5533	0.5553	0.5553	FALSE		
10.1183/13993003.01393-2018	30309978	results	1		Primary outcome: adjusted treatment effect			0.94	TRUE		
10.1183/13993003.01393-2018	30309978	results	1		"p-value for the adjusted treatment effect (or 95 CI if pvalue is not provided, written as [X.XX;Y.YY])"			0.5207	TRUE		
