doi	PMID	section	ITC num	Ind studies num	questions	reviewer 1	reviewer 2	decision	identical	Notes reviewer 1	Notes reviewer 2
10.1080/03007995.2018.1541443	30362839	general_information			Medical Condition of Interest Name	previously untreated advanced anaplastic lymphoma kinase (alk)-positive non-small cell lung cancer	advanced or metastatic anaplastic lymphoma kinase-positive non-small cell lung cancer	previously untreated advanced anaplastic lymphoma kinase (alk)-positive non-small cell lung cancer	FALSE	NA	NA
10.1080/03007995.2018.1541443	30362839	general_information			Countries of first author affiliations			usa	TRUE		
10.1080/03007995.2018.1541443	30362839	general_information			Countries of last author affiliations			usa	TRUE		
10.1080/03007995.2018.1541443	30362839	general_information			Positions of study investigators (for any authors of the article, any that applies)			Pharmaceutical Industry, Private Data Analysis Company	TRUE		
10.1080/03007995.2018.1541443	30362839	general_information			At least one author affiliated with a department of Biostatistics, Epidemiology, Public Health, Pharmacoepidemiology, or a Clinical Research unit, or private data analysis company			Yes	TRUE		
10.1080/03007995.2018.1541443	30362839	general_information			Mentioned sources of funding			Pharmaceutical Industry	TRUE		
10.1080/03007995.2018.1541443	30362839	general_information			Ties with pharmaceutical industry mentionned in competing interest/conflict of interest/disclaimer, or any equivalent section in the article			Yes	TRUE		
10.1080/03007995.2018.1541443	30362839	general_information			Mention of a systematic review to find the studies to compare treatments of interest			No	TRUE		
10.1080/03007995.2018.1541443	30362839	study_information		1	Patient-level data used			Yes	TRUE		
10.1080/03007995.2018.1541443	30362839	study_information		1	Clinical Trial			Yes	TRUE		
10.1080/03007995.2018.1541443	30362839	study_information		1	NCT (only for clinical trial registered on clinicaltrials.gov)			NCT01828099	TRUE		
10.1080/03007995.2018.1541443	30362839	study_information		1	Country where the clinical trial/observational study was conducted (international if more than one)			international	TRUE		
10.1080/03007995.2018.1541443	30362839	study_information		1	Phase of the clinical trial (clinical trial only)			3	TRUE		
10.1080/03007995.2018.1541443	30362839	study_information		1	Number of treatment arms (clinical trial only)			2 or more	TRUE		
10.1080/03007995.2018.1541443	30362839	study_information		2	Patient-level data used			No	TRUE		
10.1080/03007995.2018.1541443	30362839	study_information		2	Clinical Trial			Yes	TRUE		
10.1080/03007995.2018.1541443	30362839	study_information		2	NCT (only for clinical trial registered on clinicaltrials.gov)			NCT01154140	TRUE		
10.1080/03007995.2018.1541443	30362839	study_information		2	Country where the clinical trial/observational study was conducted (international if more than one)			international	TRUE		
10.1080/03007995.2018.1541443	30362839	study_information		2	Phase of the clinical trial (clinical trial only)			3	TRUE		
10.1080/03007995.2018.1541443	30362839	study_information		2	Number of treatment arms (clinical trial only)			2 or more	TRUE		
10.1080/03007995.2018.1541443	30362839	methodology	1		Treatment name 1			ceritinib	TRUE	"Conduct an unanchored comparison, although say that the effect of the ""chemotherapy"" arms were similar after adjustment across arms. Include all baseline characteristics without discussing the status of TEM or prognostic factors. Conducted by the inventor of the methodology! 
Don""t provide the ESS for the treatment arm, although total ESS = 340, and said that there was a 10% reduction in sample size (so should be around 170)"	Smoking status = other covariates
10.1080/03007995.2018.1541443	30362839	methodology	1		Study 'number(s)' for treatment 1			1	TRUE		
10.1080/03007995.2018.1541443	30362839	methodology	1		Treatment name 2			crizotinib	TRUE		
10.1080/03007995.2018.1541443	30362839	methodology	1		Study 'number(s)' for treatment 2			2	TRUE		
10.1080/03007995.2018.1541443	30362839	methodology	1		Type of population-adjusted indirect comparisons performed			MAIC	TRUE		
10.1080/03007995.2018.1541443	30362839	methodology	1		Anchored comparison?			No	TRUE		
10.1080/03007995.2018.1541443	30362839	methodology	1		Form of the indirect comparison			Simple (ie treatments effects extracted from two studies)	TRUE		
10.1080/03007995.2018.1541443	30362839	methodology	1		Definition of a single primary outcome for the indirect comparison	No primary outcome defined, or multiple primary outcomes without any clear distinction between them	Yes	No primary outcome defined, or multiple primary outcomes without any clear distinction between them	FALSE		
10.1080/03007995.2018.1541443	30362839	methodology	1		Primary Outcome Name (first one mentioned in the text of the results part if no primary outcome defined)	progression free survival	progression-free survival	progression-free survival	FALSE		
10.1080/03007995.2018.1541443	30362839	methodology	1		Primary outcome: variable type			Time-to-event	TRUE		
10.1080/03007995.2018.1541443	30362839	methodology	1		Justification for selecting variables to be included in the adjustment model (in the main text)			Nothing mentioned, not reported	TRUE		
10.1080/03007995.2018.1541443	30362839	methodology	1		Inclusion of prognostic factors in the adjustment/matching model	No discussion (in the main text) of the status of prognostic factors of the variables	Yes	Yes	FALSE		
10.1080/03007995.2018.1541443	30362839	methodology	1		Inclusion of treatment-effect modifiers in the adjustment/matching model			No discussion (in the main text) of the status of treatment-effect modifiers of the variables	TRUE		
10.1080/03007995.2018.1541443	30362839	methodology	1		Mention of the MAIC weights estimation model / STC adjustment model details in the main text **or supplemental materials** (ie matching on first moment, second moment, including interaction term, etc)			No	TRUE		
10.1080/03007995.2018.1541443	30362839	methodology	1		Discussion of the choice of the scale for the outcome in the main text (ie natural outcome scale vs transformed outcome scale)			No	TRUE		
10.1080/03007995.2018.1541443	30362839	results	1		Sample size of the population of interest in the non IPD treatment arm	172	343	172	FALSE		
10.1080/03007995.2018.1541443	30362839	results	1		Initial sample size of the population of interest in the IPD treatment arm	189	376	189	FALSE		
10.1080/03007995.2018.1541443	30362839	results	1		"Sample size in the IPD treatment arm used in the indirect comparison, ie effective sample size after reweighting for MAIC; or sample size used in the regression model for STC"		340	NA	FALSE		
10.1080/03007995.2018.1541443	30362839	results	1		Reporting of a weights' distribution evaluation (MAIC)	Yes, mentions that the weights distribution has been studied, and weights distribution reported in main article or supplemental materials	Yes, mentions that the weights distribution has been studied, but weights distribution not reported	Yes, mentions that the weights distribution has been studied, and weights distribution reported in main article or supplemental materials	FALSE		
10.1080/03007995.2018.1541443	30362839	results	1		Reporting of the list of the covariates adjusted for/matched on			Yes	TRUE		
10.1080/03007995.2018.1541443	30362839	results	1		Number of covariates adjusted for/matched on			8	TRUE		
10.1080/03007995.2018.1541443	30362839	results	1		Covariates adjusted for/matched on in the indirect comparison	Age, Sex, Disease severity/disease history (ie past conditions or symptoms directly related to the disease of interest, eg history of venous thromboembolism in sickle cell disease), Race/ethnicity, Performance score (ECOG PS, Karnofsky, Lansky, OMS, Ranson, ...), Comorbidities and medical history (beside pathology/disease of interest in the comparison)	Age, Sex, Disease severity/disease history (ie past conditions or symptoms directly related to the disease of interest, eg history of venous thromboembolism in sickle cell disease), Race/ethnicity, Performance score (ECOG PS, Karnofsky, Lansky, OMS, Ranson, ...), Other(s)	Age, Sex, Disease severity/disease history (ie past conditions or symptoms directly related to the disease of interest, eg history of venous thromboembolism in sickle cell disease), Race/ethnicity, Performance score (ECOG PS, Karnofsky, Lansky, OMS, Ranson, ...), Comorbidities and medical history (beside pathology/disease of interest in the comparison)	FALSE		
10.1080/03007995.2018.1541443	30362839	results	1		Primary outcome: treatment effect contrast			HR	TRUE		
10.1080/03007995.2018.1541443	30362839	results	1		Direction of the treatment effect contrast: IPD treatment is:			Numerator if ratio, or left side if difference	TRUE		
10.1080/03007995.2018.1541443	30362839	results	1		Primary outcome: unadjusted treatment effect			0.68	TRUE		
10.1080/03007995.2018.1541443	30362839	results	1		p-value for the unadjusted treatment effect (or 95 CI if pvalue is not provided, written as [X.XX-Y.YY])			0.01	TRUE		
10.1080/03007995.2018.1541443	30362839	results	1		Primary outcome: adjusted treatment effect			0.64	TRUE		
10.1080/03007995.2018.1541443	30362839	results	1		"p-value for the adjusted treatment effect (or 95 CI if pvalue is not provided, written as [X.XX;Y.YY])"			0.004	TRUE		
