doi	PMID	section	ITC num	Ind studies num	questions	reviewer 1	reviewer 2	decision	identical	Notes reviewer 1	Notes reviewer 2
10.1111/jdv.15369	30472749	general_information			Medical Condition of Interest Name			plaque psoriasis	TRUE	NA	NA
10.1111/jdv.15369	30472749	general_information			Countries of first author affiliations			uk	TRUE		
10.1111/jdv.15369	30472749	general_information			Countries of last author affiliations			usa	TRUE		
10.1111/jdv.15369	30472749	general_information			Positions of study investigators (for any authors of the article, any that applies)			Academic, Pharmaceutical Industry, Private Data Analysis Company	TRUE		
10.1111/jdv.15369	30472749	general_information			At least one author affiliated with a department of Biostatistics, Epidemiology, Public Health, Pharmacoepidemiology, or a Clinical Research unit, or private data analysis company			Yes	TRUE		
10.1111/jdv.15369	30472749	general_information			Mentioned sources of funding			Pharmaceutical Industry	TRUE		
10.1111/jdv.15369	30472749	general_information			Ties with pharmaceutical industry mentionned in competing interest/conflict of interest/disclaimer, or any equivalent section in the article			Yes	TRUE		
10.1111/jdv.15369	30472749	general_information			Mention of a systematic review to find the studies to compare treatments of interest			Yes	TRUE		
10.1111/jdv.15369	30472749	study_information		1	Patient-level data used			Yes	TRUE		
10.1111/jdv.15369	30472749	study_information		1	Clinical Trial			Yes	TRUE		
10.1111/jdv.15369	30472749	study_information		1	NCT (only for clinical trial registered on clinicaltrials.gov)			NCT02132936	TRUE		
10.1111/jdv.15369	30472749	study_information		1	Country where the clinical trial/observational study was conducted (international if more than one)			france	TRUE		
10.1111/jdv.15369	30472749	study_information		1	Phase of the clinical trial (clinical trial only)			3	TRUE		
10.1111/jdv.15369	30472749	study_information		1	Number of treatment arms (clinical trial only)			2 or more	TRUE		
10.1111/jdv.15369	30472749	study_information		2	Patient-level data used			Yes	TRUE		
10.1111/jdv.15369	30472749	study_information		2	Clinical Trial			Yes	TRUE		
10.1111/jdv.15369	30472749	study_information		2	NCT (only for clinical trial registered on clinicaltrials.gov)			NCT01866163	TRUE		
10.1111/jdv.15369	30472749	study_information		2	Country where the clinical trial/observational study was conducted (international if more than one)			usa	TRUE		
10.1111/jdv.15369	30472749	study_information		2	Phase of the clinical trial (clinical trial only)			3	TRUE		
10.1111/jdv.15369	30472749	study_information		2	Number of treatment arms (clinical trial only)			2 or more	TRUE		
10.1111/jdv.15369	30472749	study_information		3	Patient-level data used			Yes	TRUE		
10.1111/jdv.15369	30472749	study_information		3	Clinical Trial			Yes	TRUE		
10.1111/jdv.15369	30472749	study_information		3	NCT (only for clinical trial registered on clinicaltrials.gov)			NCT01536886	TRUE		
10.1111/jdv.15369	30472749	study_information		3	Country where the clinical trial/observational study was conducted (international if more than one)			usa	TRUE		
10.1111/jdv.15369	30472749	study_information		3	Phase of the clinical trial (clinical trial only)			2	TRUE		
10.1111/jdv.15369	30472749	study_information		3	Number of treatment arms (clinical trial only)			2 or more	TRUE		
10.1111/jdv.15369	30472749	study_information		4	Patient-level data used			Yes	TRUE		
10.1111/jdv.15369	30472749	study_information		4	Clinical Trial			Yes	TRUE		
10.1111/jdv.15369	30472749	study_information		4	NCT (only for clinical trial registered on clinicaltrials.gov)			NCT01536938	TRUE		
10.1111/jdv.15369	30472749	study_information		4	Country where the clinical trial/observational study was conducted (international if more than one)			usa	TRUE		
10.1111/jdv.15369	30472749	study_information		4	Phase of the clinical trial (clinical trial only)			2	TRUE		
10.1111/jdv.15369	30472749	study_information		4	Number of treatment arms (clinical trial only)			2 or more	TRUE		
10.1111/jdv.15369	30472749	study_information		5	Patient-level data used			No	TRUE		
10.1111/jdv.15369	30472749	study_information		5	Clinical Trial			Yes	TRUE		
10.1111/jdv.15369	30472749	study_information		5	NCT (only for clinical trial registered on clinicaltrials.gov)			NCT02425826	TRUE		
10.1111/jdv.15369	30472749	study_information		5	Country where the clinical trial/observational study was conducted (international if more than one)			usa	TRUE		
10.1111/jdv.15369	30472749	study_information		5	Phase of the clinical trial (clinical trial only)			4	TRUE		
10.1111/jdv.15369	30472749	study_information		5	Number of treatment arms (clinical trial only)			2 or more	TRUE		
10.1111/jdv.15369	30472749	study_information		6	Patient-level data used			No	TRUE		
10.1111/jdv.15369	30472749	study_information		6	Clinical Trial			No	TRUE		
10.1111/jdv.15369	30472749	study_information		6	Data source name (only if observational study or clinical trial without NCT)			zurita et al., (2017)	TRUE		
10.1111/jdv.15369	30472749	study_information		6	Country where the clinical trial/observational study was conducted (international if more than one)		spain	XXXX	FALSE		
10.1111/jdv.15369	30472749	study_information		7	Patient-level data used			No	TRUE		
10.1111/jdv.15369	30472749	study_information		7	Clinical Trial			No	TRUE		
10.1111/jdv.15369	30472749	study_information		7	Data source name (only if observational study or clinical trial without NCT)			chiricozzi et al. (2016)	TRUE		
10.1111/jdv.15369	30472749	study_information		7	Country where the clinical trial/observational study was conducted (international if more than one)		italy	XXXX	FALSE		
10.1111/jdv.15369	30472749	study_information		8	Patient-level data used			No	TRUE		
10.1111/jdv.15369	30472749	study_information		8	Clinical Trial			No	TRUE		
10.1111/jdv.15369	30472749	study_information		8	Data source name (only if observational study or clinical trial without NCT)			inzinger et al. (2013)	TRUE		
10.1111/jdv.15369	30472749	study_information		8	Country where the clinical trial/observational study was conducted (international if more than one)		austria	XXXX	FALSE		
10.1111/jdv.15369	30472749	methodology	1		Treatment name 1			calcipotriol + betamethasone dipropionate aerosol foam	TRUE	NA	"Studies 1 to 5   No statistics were calculated : Authors calculated the responders rate to Cal/BD foam before and after the MAIC 
+ equality test with the comparator

BMI = others"
10.1111/jdv.15369	30472749	methodology	1		Study 'number(s)' for treatment 1			"1;2;3;4"	TRUE		
10.1111/jdv.15369	30472749	methodology	1		Treatment name 2			apremilast	TRUE		
10.1111/jdv.15369	30472749	methodology	1		Study 'number(s)' for treatment 2			5	TRUE		
10.1111/jdv.15369	30472749	methodology	1		Type of population-adjusted indirect comparisons performed			MAIC	TRUE		
10.1111/jdv.15369	30472749	methodology	1		Anchored comparison?			No	TRUE		
10.1111/jdv.15369	30472749	methodology	1		Form of the indirect comparison			Aggregation of multiple studies to estimate individual treatment effects (e.g. meta-analysis in a first step to estimate treatment A effect, then population adjusted indirect comparison using treatment A effect estimate)	TRUE		
10.1111/jdv.15369	30472749	methodology	1		Definition of a single primary outcome for the indirect comparison	Yes	No primary outcome defined, or multiple primary outcomes without any clear distinction between them		FALSE		
10.1111/jdv.15369	30472749	methodology	1		Primary Outcome Name (first one mentioned in the text of the results part if no primary outcome defined)	hysician�s global assessment 0/1 response	physician global assessment (pga) 0/1 responders rate	physician global assessment (pga) 0/1 responders rate	FALSE		
10.1111/jdv.15369	30472749	methodology	1		Primary outcome: variable type			Binary (eg rates)	TRUE		
10.1111/jdv.15369	30472749	methodology	1		Justification for selecting variables to be included in the adjustment model (in the main text)	Status of prognostic factor/treatment effect modified assessed in the IPD dataset, A priori expert-knowledge (clinically or methodologically relevant to adjust on these variables based on experts/clinicians opinion)	Status of prognostic factor/treatment effect modified assessed in the IPD dataset	Status of prognostic factor/treatment effect modified assessed in the IPD dataset, A priori expert-knowledge (clinically or methodologically relevant to adjust on these variables based on experts/clinicians opinion)	FALSE		
10.1111/jdv.15369	30472749	methodology	1		Inclusion of prognostic factors in the adjustment/matching model			No discussion (in the main text) of the status of prognostic factors of the variables	TRUE		
10.1111/jdv.15369	30472749	methodology	1		Inclusion of treatment-effect modifiers in the adjustment/matching model			No discussion (in the main text) of the status of treatment-effect modifiers of the variables	TRUE		
10.1111/jdv.15369	30472749	methodology	1		Mention of the MAIC weights estimation model / STC adjustment model details in the main text **or supplemental materials** (ie matching on first moment, second moment, including interaction term, etc)			No	TRUE		
10.1111/jdv.15369	30472749	methodology	1		Discussion of the choice of the scale for the outcome in the main text (ie natural outcome scale vs transformed outcome scale)			No	TRUE		
10.1111/jdv.15369	30472749	methodology	2		Treatment name 1			calcipotriol + betamethasone dipropionate aerosol foam	TRUE	NA	NA
10.1111/jdv.15369	30472749	methodology	2		Study 'number(s)' for treatment 1			"1;2;3;4"	TRUE		
10.1111/jdv.15369	30472749	methodology	2		Treatment name 2			methotrexate	TRUE		
10.1111/jdv.15369	30472749	methodology	2		Study 'number(s)' for treatment 2			6	TRUE		
10.1111/jdv.15369	30472749	methodology	2		Type of population-adjusted indirect comparisons performed			MAIC	TRUE		
10.1111/jdv.15369	30472749	methodology	2		Anchored comparison?			No	TRUE		
10.1111/jdv.15369	30472749	methodology	2		Form of the indirect comparison			Aggregation of multiple studies to estimate individual treatment effects (e.g. meta-analysis in a first step to estimate treatment A effect, then population adjusted indirect comparison using treatment A effect estimate)	TRUE		
10.1111/jdv.15369	30472749	methodology	2		Definition of a single primary outcome for the indirect comparison			Yes	TRUE		
10.1111/jdv.15369	30472749	methodology	2		Primary Outcome Name (first one mentioned in the text of the results part if no primary outcome defined)	pasi 75 locf	psoriasis area severity index (pasi) 75 responders rate	psoriasis area severity index (pasi) 75 responders rate	FALSE		
10.1111/jdv.15369	30472749	methodology	2		Primary outcome: variable type			Binary (eg rates)	TRUE		
10.1111/jdv.15369	30472749	methodology	2		Justification for selecting variables to be included in the adjustment model (in the main text)	Status of prognostic factor/treatment effect modified assessed in the IPD dataset, A priori expert-knowledge (clinically or methodologically relevant to adjust on these variables based on experts/clinicians opinion)	Status of prognostic factor/treatment effect modified assessed in the IPD dataset	Status of prognostic factor/treatment effect modified assessed in the IPD dataset, A priori expert-knowledge (clinically or methodologically relevant to adjust on these variables based on experts/clinicians opinion)	FALSE		
10.1111/jdv.15369	30472749	methodology	2		Inclusion of prognostic factors in the adjustment/matching model			No discussion (in the main text) of the status of prognostic factors of the variables	TRUE		
10.1111/jdv.15369	30472749	methodology	2		Inclusion of treatment-effect modifiers in the adjustment/matching model			No discussion (in the main text) of the status of treatment-effect modifiers of the variables	TRUE		
10.1111/jdv.15369	30472749	methodology	2		Mention of the MAIC weights estimation model / STC adjustment model details in the main text **or supplemental materials** (ie matching on first moment, second moment, including interaction term, etc)			No	TRUE		
10.1111/jdv.15369	30472749	methodology	2		Discussion of the choice of the scale for the outcome in the main text (ie natural outcome scale vs transformed outcome scale)			No	TRUE		
10.1111/jdv.15369	30472749	methodology	3		Treatment name 1			calcipotriol + betamethasone dipropionate aerosol foam	TRUE	NA	BMI = others
10.1111/jdv.15369	30472749	methodology	3		Study 'number(s)' for treatment 1			"1;2;3;4"	TRUE		
10.1111/jdv.15369	30472749	methodology	3		Treatment name 2			acitretin	TRUE		
10.1111/jdv.15369	30472749	methodology	3		Study 'number(s)' for treatment 2			7	TRUE		
10.1111/jdv.15369	30472749	methodology	3		Type of population-adjusted indirect comparisons performed			MAIC	TRUE		
10.1111/jdv.15369	30472749	methodology	3		Anchored comparison?			No	TRUE		
10.1111/jdv.15369	30472749	methodology	3		Form of the indirect comparison			Aggregation of multiple studies to estimate individual treatment effects (e.g. meta-analysis in a first step to estimate treatment A effect, then population adjusted indirect comparison using treatment A effect estimate)	TRUE		
10.1111/jdv.15369	30472749	methodology	3		Definition of a single primary outcome for the indirect comparison			Yes	TRUE		
10.1111/jdv.15369	30472749	methodology	3		Primary Outcome Name (first one mentioned in the text of the results part if no primary outcome defined)	pasi 75 locf	psoriasis area severity index (pasi) 75 responders rate	psoriasis area severity index (pasi) 75 responders rate	FALSE		
10.1111/jdv.15369	30472749	methodology	3		Primary outcome: variable type			pasi 75 locf	TRUE		
10.1111/jdv.15369	30472749	methodology	3		Justification for selecting variables to be included in the adjustment model (in the main text)			Status of prognostic factor/treatment effect modified assessed in the IPD dataset, A priori expert-knowledge (clinically or methodologically relevant to adjust on these variables based on experts/clinicians opinion)	TRUE		
10.1111/jdv.15369	30472749	methodology	3		Inclusion of prognostic factors in the adjustment/matching model			No discussion (in the main text) of the status of prognostic factors of the variables	TRUE		
10.1111/jdv.15369	30472749	methodology	3		Inclusion of treatment-effect modifiers in the adjustment/matching model			No discussion (in the main text) of the status of treatment-effect modifiers of the variables	TRUE		
10.1111/jdv.15369	30472749	methodology	3		Mention of the MAIC weights estimation model / STC adjustment model details in the main text **or supplemental materials** (ie matching on first moment, second moment, including interaction term, etc)			No	TRUE		
10.1111/jdv.15369	30472749	methodology	3		Discussion of the choice of the scale for the outcome in the main text (ie natural outcome scale vs transformed outcome scale)			No	TRUE		
10.1111/jdv.15369	30472749	methodology	4		Treatment name 1			calcipotriol + betamethasone dipropionate aerosol foam	TRUE	NA	NA
10.1111/jdv.15369	30472749	methodology	4		Study 'number(s)' for treatment 1			"1;2;3;4"	TRUE		
10.1111/jdv.15369	30472749	methodology	4		Treatment name 2			fumaric acid esters	TRUE		
10.1111/jdv.15369	30472749	methodology	4		Study 'number(s)' for treatment 2			8	TRUE		
10.1111/jdv.15369	30472749	methodology	4		Type of population-adjusted indirect comparisons performed			MAIC	TRUE		
10.1111/jdv.15369	30472749	methodology	4		Anchored comparison?			No	TRUE		
10.1111/jdv.15369	30472749	methodology	4		Form of the indirect comparison			Aggregation of multiple studies to estimate individual treatment effects (e.g. meta-analysis in a first step to estimate treatment A effect, then population adjusted indirect comparison using treatment A effect estimate)	TRUE		
10.1111/jdv.15369	30472749	methodology	4		Definition of a single primary outcome for the indirect comparison			Yes	TRUE		
10.1111/jdv.15369	30472749	methodology	4		Primary Outcome Name (first one mentioned in the text of the results part if no primary outcome defined)	pasi 75 locf	psoriasis area severity index (pasi) 75 responders rate	psoriasis area severity index (pasi) 75 responders rate	FALSE		
10.1111/jdv.15369	30472749	methodology	4		Primary outcome: variable type			Binary (eg rates)	TRUE		
10.1111/jdv.15369	30472749	methodology	4		Justification for selecting variables to be included in the adjustment model (in the main text)			Status of prognostic factor/treatment effect modified assessed in the IPD dataset, A priori expert-knowledge (clinically or methodologically relevant to adjust on these variables based on experts/clinicians opinion)	TRUE		
10.1111/jdv.15369	30472749	methodology	4		Inclusion of prognostic factors in the adjustment/matching model			No discussion (in the main text) of the status of prognostic factors of the variables	TRUE		
10.1111/jdv.15369	30472749	methodology	4		Inclusion of treatment-effect modifiers in the adjustment/matching model			No discussion (in the main text) of the status of treatment-effect modifiers of the variables	TRUE		
10.1111/jdv.15369	30472749	methodology	4		Mention of the MAIC weights estimation model / STC adjustment model details in the main text **or supplemental materials** (ie matching on first moment, second moment, including interaction term, etc)			No	TRUE		
10.1111/jdv.15369	30472749	methodology	4		Discussion of the choice of the scale for the outcome in the main text (ie natural outcome scale vs transformed outcome scale)			No	TRUE		
10.1111/jdv.15369	30472749	results	1		Sample size of the population of interest in the non IPD treatment arm			148	TRUE		
10.1111/jdv.15369	30472749	results	1		Initial sample size of the population of interest in the IPD treatment arm			748	TRUE		
10.1111/jdv.15369	30472749	results	1		"Sample size in the IPD treatment arm used in the indirect comparison, ie effective sample size after reweighting for MAIC; or sample size used in the regression model for STC"			640	TRUE		
10.1111/jdv.15369	30472749	results	1		Reporting of a weights' distribution evaluation (MAIC)			Yes, mentions that the weights distribution has been studied, but weights distribution not reported	TRUE		
10.1111/jdv.15369	30472749	results	1		Reporting of the list of the covariates adjusted for/matched on			Yes	TRUE		
10.1111/jdv.15369	30472749	results	1		Number of covariates adjusted for/matched on			3	TRUE		
10.1111/jdv.15369	30472749	results	1		Covariates adjusted for/matched on in the indirect comparison			Disease severity/disease history (ie past conditions or symptoms directly related to the disease of interest, eg history of venous thromboembolism in sickle cell disease), Past treatments for the disease of interest, Other(s)	TRUE		
10.1111/jdv.15369	30472749	results	1		Primary outcome: treatment effect contrast	Proportions difference	No statistics were calculated	Proportions difference	FALSE		
10.1111/jdv.15369	30472749	results	1		Direction of the treatment effect contrast: IPD treatment is:	Numerator if ratio, or left side if difference		Numerator if ratio, or left side if difference	FALSE		
10.1111/jdv.15369	30472749	results	1		Primary outcome: adjusted treatment effect	20.3		22.3	FALSE		
10.1111/jdv.15369	30472749	results	1		"p-value for the adjusted treatment effect (or 95 CI if pvalue is not provided, written as [X.XX;Y.YY])"	<0.001		<0.001	FALSE		
10.1111/jdv.15369	30472749	results	2		Sample size of the population of interest in the non IPD treatment arm			218	TRUE		
10.1111/jdv.15369	30472749	results	2		Initial sample size of the population of interest in the IPD treatment arm			749	TRUE		
10.1111/jdv.15369	30472749	results	2		"Sample size in the IPD treatment arm used in the indirect comparison, ie effective sample size after reweighting for MAIC; or sample size used in the regression model for STC"			633	TRUE		
10.1111/jdv.15369	30472749	results	2		Reporting of a weights' distribution evaluation (MAIC)			Yes, mentions that the weights distribution has been studied, but weights distribution not reported	TRUE		
10.1111/jdv.15369	30472749	results	2		Reporting of the list of the covariates adjusted for/matched on			Yes	TRUE		
10.1111/jdv.15369	30472749	results	2		Number of covariates adjusted for/matched on	2	1	2	FALSE		
10.1111/jdv.15369	30472749	results	2		Covariates adjusted for/matched on in the indirect comparison	Age, Disease severity/disease history (ie past conditions or symptoms directly related to the disease of interest, eg history of venous thromboembolism in sickle cell disease)	Age	Age, Disease severity/disease history (ie past conditions or symptoms directly related to the disease of interest, eg history of venous thromboembolism in sickle cell disease)	FALSE		
10.1111/jdv.15369	30472749	results	2		Primary outcome: treatment effect contrast	Proportions difference	No statistics were calculated	Proportions difference	FALSE		
10.1111/jdv.15369	30472749	results	2		Direction of the treatment effect contrast: IPD treatment is:	Numerator if ratio, or left side if difference		Numerator if ratio, or left side if difference	FALSE		
10.1111/jdv.15369	30472749	results	2		Primary outcome: adjusted treatment effect	17.3		17.3	FALSE		
10.1111/jdv.15369	30472749	results	2		"p-value for the adjusted treatment effect (or 95 CI if pvalue is not provided, written as [X.XX;Y.YY])"	<0.001		<0.001	FALSE		
10.1111/jdv.15369	30472749	results	3		Sample size of the population of interest in the non IPD treatment arm			41	TRUE		
10.1111/jdv.15369	30472749	results	3		Initial sample size of the population of interest in the IPD treatment arm			748	TRUE		
10.1111/jdv.15369	30472749	results	3		"Sample size in the IPD treatment arm used in the indirect comparison, ie effective sample size after reweighting for MAIC; or sample size used in the regression model for STC"			102	TRUE		
10.1111/jdv.15369	30472749	results	3		Reporting of a weights' distribution evaluation (MAIC)			Yes, mentions that the weights distribution has been studied, but weights distribution not reported	TRUE		
10.1111/jdv.15369	30472749	results	3		Reporting of the list of the covariates adjusted for/matched on			Yes	TRUE		
10.1111/jdv.15369	30472749	results	3		Number of covariates adjusted for/matched on			4	TRUE		
10.1111/jdv.15369	30472749	results	3		Covariates adjusted for/matched on in the indirect comparison			Age, Sex, Disease severity/disease history (ie past conditions or symptoms directly related to the disease of interest, eg history of venous thromboembolism in sickle cell disease), Other(s)	TRUE		
10.1111/jdv.15369	30472749	results	3		Primary outcome: treatment effect contrast	Proportions difference	No statistics were calculated	Proportions difference	FALSE		
10.1111/jdv.15369	30472749	results	3		Direction of the treatment effect contrast: IPD treatment is:	Numerator if ratio, or left side if difference		Numerator if ratio, or left side if difference	FALSE		
10.1111/jdv.15369	30472749	results	3		Primary outcome: adjusted treatment effect	19.2		19.2	FALSE		
10.1111/jdv.15369	30472749	results	3		"p-value for the adjusted treatment effect (or 95 CI if pvalue is not provided, written as [X.XX;Y.YY])"	0.009		0.009	FALSE		
10.1111/jdv.15369	30472749	results	4		Sample size of the population of interest in the non IPD treatment arm			115	TRUE		
10.1111/jdv.15369	30472749	results	4		Initial sample size of the population of interest in the IPD treatment arm			749	TRUE		
10.1111/jdv.15369	30472749	results	4		"Sample size in the IPD treatment arm used in the indirect comparison, ie effective sample size after reweighting for MAIC; or sample size used in the regression model for STC"			224	TRUE		
10.1111/jdv.15369	30472749	results	4		Reporting of a weights' distribution evaluation (MAIC)			Yes, mentions that the weights distribution has been studied, but weights distribution not reported	TRUE		
10.1111/jdv.15369	30472749	results	4		Reporting of the list of the covariates adjusted for/matched on			Yes	TRUE		
10.1111/jdv.15369	30472749	results	4		Number of covariates adjusted for/matched on			2	TRUE		
10.1111/jdv.15369	30472749	results	4		Covariates adjusted for/matched on in the indirect comparison			Age, Disease severity/disease history (ie past conditions or symptoms directly related to the disease of interest, eg history of venous thromboembolism in sickle cell disease)	TRUE		
10.1111/jdv.15369	30472749	results	4		Primary outcome: treatment effect contrast	Proportions difference	No statistics were calculated	Proportions difference	FALSE		
10.1111/jdv.15369	30472749	results	4		Direction of the treatment effect contrast: IPD treatment is:	Numerator if ratio, or left side if difference		Numerator if ratio, or left side if difference	FALSE		
10.1111/jdv.15369	30472749	results	4		Primary outcome: adjusted treatment effect	-4.4		-4.4	FALSE		
10.1111/jdv.15369	30472749	results	4		"p-value for the adjusted treatment effect (or 95 CI if pvalue is not provided, written as [X.XX;Y.YY])"	0.451		0.451	FALSE		
