doi	PMID	section	ITC num	Ind studies num	questions	reviewer 1	reviewer 2	decision	identical	Notes reviewer 1	Notes reviewer 2
10.1007/s12325-019-0873-7	30758745	general_information			Medical Condition of Interest Name	relapsed or refractory acute lymphoblastic leukemia	relapsed/refractory acute lymphoblastic leukemia	relapsed or refractory acute lymphoblastic leukemia	FALSE	NA	NA
10.1007/s12325-019-0873-7	30758745	general_information			Countries of first author affiliations			usa	TRUE		
10.1007/s12325-019-0873-7	30758745	general_information			Countries of last author affiliations			uk	TRUE		
10.1007/s12325-019-0873-7	30758745	general_information			Positions of study investigators (for any authors of the article, any that applies)			Academic, Pharmaceutical Industry, Private Data Analysis Company	TRUE		
10.1007/s12325-019-0873-7	30758745	general_information			At least one author affiliated with a department of Biostatistics, Epidemiology, Public Health, Pharmacoepidemiology, or a Clinical Research unit, or private data analysis company			Yes	TRUE		
10.1007/s12325-019-0873-7	30758745	general_information			Mentioned sources of funding			Pharmaceutical Industry	TRUE		
10.1007/s12325-019-0873-7	30758745	general_information			Ties with pharmaceutical industry mentionned in competing interest/conflict of interest/disclaimer, or any equivalent section in the article			Yes	TRUE		
10.1007/s12325-019-0873-7	30758745	general_information			Mention of a systematic review to find the studies to compare treatments of interest			No	TRUE		
10.1007/s12325-019-0873-7	30758745	study_information		1	Patient-level data used			Yes	TRUE		
10.1007/s12325-019-0873-7	30758745	study_information		1	Clinical Trial			Yes	TRUE		
10.1007/s12325-019-0873-7	30758745	study_information		1	NCT (only for clinical trial registered on clinicaltrials.gov)			NCT02013167	TRUE		
10.1007/s12325-019-0873-7	30758745	study_information		1	Country where the clinical trial/observational study was conducted (international if more than one)			international	TRUE		
10.1007/s12325-019-0873-7	30758745	study_information		1	Phase of the clinical trial (clinical trial only)			3	TRUE		
10.1007/s12325-019-0873-7	30758745	study_information		1	Number of treatment arms (clinical trial only)			2 or more	TRUE		
10.1007/s12325-019-0873-7	30758745	study_information		2	Patient-level data used			No	TRUE		
10.1007/s12325-019-0873-7	30758745	study_information		2	Clinical Trial			Yes	TRUE		
10.1007/s12325-019-0873-7	30758745	study_information		2	NCT (only for clinical trial registered on clinicaltrials.gov)			NCT01564784	TRUE		
10.1007/s12325-019-0873-7	30758745	study_information		2	Country where the clinical trial/observational study was conducted (international if more than one)			international	TRUE		
10.1007/s12325-019-0873-7	30758745	study_information		2	Phase of the clinical trial (clinical trial only)			3	TRUE		
10.1007/s12325-019-0873-7	30758745	study_information		2	Number of treatment arms (clinical trial only)			2 or more	TRUE		
10.1007/s12325-019-0873-7	30758745	methodology	1		Treatment name 1			blinatumomab	TRUE	opposite MAIC carried out by 10.1007/s12325-019-00991-w, with different conclusions	NA
10.1007/s12325-019-0873-7	30758745	methodology	1		Study 'number(s)' for treatment 1			1	TRUE		
10.1007/s12325-019-0873-7	30758745	methodology	1		Treatment name 2			inotuzumab ozogamicin	TRUE		
10.1007/s12325-019-0873-7	30758745	methodology	1		Study 'number(s)' for treatment 2			2	TRUE		
10.1007/s12325-019-0873-7	30758745	methodology	1		Type of population-adjusted indirect comparisons performed			MAIC	TRUE		
10.1007/s12325-019-0873-7	30758745	methodology	1		Anchored comparison?			Yes	TRUE		
10.1007/s12325-019-0873-7	30758745	methodology	1		Form of the indirect comparison			Simple (ie treatments effects extracted from two studies)	TRUE		
10.1007/s12325-019-0873-7	30758745	methodology	1		Definition of a single primary outcome for the indirect comparison			No primary outcome defined, or multiple primary outcomes without any clear distinction between them	TRUE		
10.1007/s12325-019-0873-7	30758745	methodology	1		Primary Outcome Name (first one mentioned in the text of the results part if no primary outcome defined)	restricted mean survival time at 12 months	overall survival	overall survival	FALSE		
10.1007/s12325-019-0873-7	30758745	methodology	1		Primary outcome: variable type			Time-to-event	TRUE		
10.1007/s12325-019-0873-7	30758745	methodology	1		Justification for selecting variables to be included in the adjustment model (in the main text)			Status of prognostic factor/treatment effect modified assessed in the IPD dataset	TRUE		
10.1007/s12325-019-0873-7	30758745	methodology	1		Inclusion of prognostic factors in the adjustment/matching model			No	TRUE		
10.1007/s12325-019-0873-7	30758745	methodology	1		Inclusion of treatment-effect modifiers in the adjustment/matching model			Yes	TRUE		
10.1007/s12325-019-0873-7	30758745	methodology	1		Mention of the MAIC weights estimation model / STC adjustment model details in the main text **or supplemental materials** (ie matching on first moment, second moment, including interaction term, etc)			No	TRUE		
10.1007/s12325-019-0873-7	30758745	methodology	1		Discussion of the choice of the scale for the outcome in the main text (ie natural outcome scale vs transformed outcome scale)	Yes	No		FALSE		
10.1007/s12325-019-0873-7	30758745	methodology	2		Treatment name 1			blinatumomab	TRUE	NA	NA
10.1007/s12325-019-0873-7	30758745	methodology	2		Study 'number(s)' for treatment 1			1	TRUE		
10.1007/s12325-019-0873-7	30758745	methodology	2		Treatment name 2			inotuzumab ozogamicin	TRUE		
10.1007/s12325-019-0873-7	30758745	methodology	2		Study 'number(s)' for treatment 2			2	TRUE		
10.1007/s12325-019-0873-7	30758745	methodology	2		Type of population-adjusted indirect comparisons performed			MAIC	TRUE		
10.1007/s12325-019-0873-7	30758745	methodology	2		Anchored comparison?			No	TRUE		
10.1007/s12325-019-0873-7	30758745	methodology	2		Form of the indirect comparison			Simple (ie treatments effects extracted from two studies)	TRUE		
10.1007/s12325-019-0873-7	30758745	methodology	2		Definition of a single primary outcome for the indirect comparison			No primary outcome defined, or multiple primary outcomes without any clear distinction between them	TRUE		
10.1007/s12325-019-0873-7	30758745	methodology	2		Primary Outcome Name (first one mentioned in the text of the results part if no primary outcome defined)	restricted mean survival time at 12 months	overall survival	overall survival	FALSE		
10.1007/s12325-019-0873-7	30758745	methodology	2		Primary outcome: variable type			Time-to-event	TRUE		
10.1007/s12325-019-0873-7	30758745	methodology	2		Justification for selecting variables to be included in the adjustment model (in the main text)			Status of prognostic factor/treatment effect modified assessed in the IPD dataset	TRUE		
10.1007/s12325-019-0873-7	30758745	methodology	2		Inclusion of prognostic factors in the adjustment/matching model			No	TRUE		
10.1007/s12325-019-0873-7	30758745	methodology	2		Inclusion of treatment-effect modifiers in the adjustment/matching model			Yes	TRUE		
10.1007/s12325-019-0873-7	30758745	methodology	2		Mention of the MAIC weights estimation model / STC adjustment model details in the main text **or supplemental materials** (ie matching on first moment, second moment, including interaction term, etc)			No	TRUE		
10.1007/s12325-019-0873-7	30758745	methodology	2		Discussion of the choice of the scale for the outcome in the main text (ie natural outcome scale vs transformed outcome scale)	Yes	No	No	FALSE		
10.1007/s12325-019-0873-7	30758745	results	1		Sample size of the population of interest in the non IPD treatment arm			164	TRUE		
10.1007/s12325-019-0873-7	30758745	results	1		If anchored comparison, sample size of the population of interest in the non IPD treatment anchor arm			162	TRUE		
10.1007/s12325-019-0873-7	30758745	results	1		Initial sample size of the population of interest in the IPD treatment arm			203	TRUE		
10.1007/s12325-019-0873-7	30758745	results	1		If anchored comparison, initial sample size of the population of interest in the IPD anchor arm		107	107	FALSE		
10.1007/s12325-019-0873-7	30758745	results	1		Reporting of a weights' distribution evaluation (MAIC)			Not mentioned	TRUE		
10.1007/s12325-019-0873-7	30758745	results	1		Reporting of the list of the covariates adjusted for/matched on			Yes	TRUE		
10.1007/s12325-019-0873-7	30758745	results	1		Number of covariates adjusted for/matched on			9	TRUE		
10.1007/s12325-019-0873-7	30758745	results	1		Covariates adjusted for/matched on in the indirect comparison			Age, Sex, Disease severity/disease history (ie past conditions or symptoms directly related to the disease of interest, eg history of venous thromboembolism in sickle cell disease), Race/ethnicity, Performance score (ECOG PS, Karnofsky, Lansky, OMS, Ranson, ...), Past treatments for the disease of interest	TRUE		
10.1007/s12325-019-0873-7	30758745	results	1		Primary outcome: treatment effect contrast	Means difference	RMST difference at 12 months	RMST difference at 12 months	FALSE		
10.1007/s12325-019-0873-7	30758745	results	1		Direction of the treatment effect contrast: IPD treatment is:			Numerator if ratio, or left side if difference	TRUE		
10.1007/s12325-019-0873-7	30758745	results	1		Primary outcome: unadjusted treatment effect			1.02	TRUE		
10.1007/s12325-019-0873-7	30758745	results	1		p-value for the unadjusted treatment effect (or 95 CI if pvalue is not provided, written as [X.XX-Y.YY])			0.16	TRUE		
10.1007/s12325-019-0873-7	30758745	results	1		Primary outcome: adjusted treatment effect			1.62	TRUE		
10.1007/s12325-019-0873-7	30758745	results	1		"p-value for the adjusted treatment effect (or 95 CI if pvalue is not provided, written as [X.XX;Y.YY])"			0.04	TRUE		
10.1007/s12325-019-0873-7	30758745	results	1		"Sample size in the IPD treatment arm used in the indirect comparison, ie effective sample size after reweighting for MAIC; or sample size used in the regression model for STC"	107		107	FALSE		
10.1007/s12325-019-0873-7	30758745	results	2		Sample size of the population of interest in the non IPD treatment arm			164	TRUE		
10.1007/s12325-019-0873-7	30758745	results	2		Initial sample size of the population of interest in the IPD treatment arm			203	TRUE		
10.1007/s12325-019-0873-7	30758745	results	2		Reporting of a weights' distribution evaluation (MAIC)			Not mentioned	TRUE		
10.1007/s12325-019-0873-7	30758745	results	2		Reporting of the list of the covariates adjusted for/matched on			Yes	TRUE		
10.1007/s12325-019-0873-7	30758745	results	2		Number of covariates adjusted for/matched on			9	TRUE		
10.1007/s12325-019-0873-7	30758745	results	2		Covariates adjusted for/matched on in the indirect comparison			Age, Sex, Disease severity/disease history (ie past conditions or symptoms directly related to the disease of interest, eg history of venous thromboembolism in sickle cell disease), Race/ethnicity, Performance score (ECOG PS, Karnofsky, Lansky, OMS, Ranson, ...), Past treatments for the disease of interest	TRUE		
10.1007/s12325-019-0873-7	30758745	results	2		Primary outcome: treatment effect contrast	Means difference	RMST difference at 12 months	RMST difference at 12 months	FALSE		
10.1007/s12325-019-0873-7	30758745	results	2		Direction of the treatment effect contrast: IPD treatment is:			Numerator if ratio, or left side if difference	TRUE		
10.1007/s12325-019-0873-7	30758745	results	2		Primary outcome: unadjusted treatment effect			-0.18	TRUE		
10.1007/s12325-019-0873-7	30758745	results	2		p-value for the unadjusted treatment effect (or 95 CI if pvalue is not provided, written as [X.XX-Y.YY])			0.69	TRUE		
10.1007/s12325-019-0873-7	30758745	results	2		Primary outcome: adjusted treatment effect			0.15	TRUE		
10.1007/s12325-019-0873-7	30758745	results	2		"p-value for the adjusted treatment effect (or 95 CI if pvalue is not provided, written as [X.XX;Y.YY])"			0.76	TRUE		
