doi	PMID	section	ITC num	Ind studies num	questions	reviewer 1	reviewer 2	decision	identical	Notes reviewer 1	Notes reviewer 2
10.2217/cer-2018-0141	30806520	general_information			Medical Condition of Interest Name			psoriatic arthritis	TRUE	NA	NA
10.2217/cer-2018-0141	30806520	general_information			Countries of first author affiliations			usa	TRUE		
10.2217/cer-2018-0141	30806520	general_information			Countries of last author affiliations			uk	TRUE		
10.2217/cer-2018-0141	30806520	general_information			Positions of study investigators (for any authors of the article, any that applies)			Academic, Pharmaceutical Industry, Private Data Analysis Company	TRUE		
10.2217/cer-2018-0141	30806520	general_information			At least one author affiliated with a department of Biostatistics, Epidemiology, Public Health, Pharmacoepidemiology, or a Clinical Research unit, or private data analysis company			Yes	TRUE		
10.2217/cer-2018-0141	30806520	general_information			Mentioned sources of funding			Pharmaceutical Industry	TRUE		
10.2217/cer-2018-0141	30806520	general_information			Ties with pharmaceutical industry mentionned in competing interest/conflict of interest/disclaimer, or any equivalent section in the article			Yes	TRUE		
10.2217/cer-2018-0141	30806520	general_information			Mention of a systematic review to find the studies to compare treatments of interest			Yes	TRUE		
10.2217/cer-2018-0141	30806520	study_information		1	Patient-level data used			Yes	TRUE		
10.2217/cer-2018-0141	30806520	study_information		1	Clinical Trial			Yes	TRUE		
10.2217/cer-2018-0141	30806520	study_information		1	NCT (only for clinical trial registered on clinicaltrials.gov)			NCT01752634	TRUE		
10.2217/cer-2018-0141	30806520	study_information		1	Country where the clinical trial/observational study was conducted (international if more than one)			international	TRUE		
10.2217/cer-2018-0141	30806520	study_information		1	Phase of the clinical trial (clinical trial only)			3	TRUE		
10.2217/cer-2018-0141	30806520	study_information		1	Number of treatment arms (clinical trial only)			2 or more	TRUE		
10.2217/cer-2018-0141	30806520	study_information		2	Patient-level data used			Yes	TRUE		
10.2217/cer-2018-0141	30806520	study_information		2	Clinical Trial			Yes	TRUE		
10.2217/cer-2018-0141	30806520	study_information		2	NCT (only for clinical trial registered on clinicaltrials.gov)			NCT01989468	TRUE		
10.2217/cer-2018-0141	30806520	study_information		2	Country where the clinical trial/observational study was conducted (international if more than one)			international	TRUE		
10.2217/cer-2018-0141	30806520	study_information		2	Phase of the clinical trial (clinical trial only)			3	TRUE		
10.2217/cer-2018-0141	30806520	study_information		2	Number of treatment arms (clinical trial only)			2 or more	TRUE		
10.2217/cer-2018-0141	30806520	study_information		3	Patient-level data used			No	TRUE		
10.2217/cer-2018-0141	30806520	study_information		3	Clinical Trial			Yes	TRUE		
10.2217/cer-2018-0141	30806520	study_information		3	NCT (only for clinical trial registered on clinicaltrials.gov)			NCT00051623	TRUE		
10.2217/cer-2018-0141	30806520	study_information		3	Phase of the clinical trial (clinical trial only)			3	TRUE		
10.2217/cer-2018-0141	30806520	study_information		3	Number of treatment arms (clinical trial only)			2 or more	TRUE		
10.2217/cer-2018-0141	30806520	study_information		3	Country where the clinical trial/observational study was conducted (international if more than one)	unknown		XXXX	FALSE		
10.2217/cer-2018-0141	30806520	methodology	1		Treatment name 1	secukinumab 150mg	secukinumab 150 mg	secukinumab 150mg	FALSE	NA	"""Weights were derived by logistic regression. The choice of matching parameters was made by consensus of all authors (who include both clinical and methodological experts). Patients were matched for key characteristics known or expected to influence clinical outcomes in individuals with psoriatic arthritis""

""The selection of baseline characteristics for matching (including prognostic variables and effect modifiers) has been described previously [20]. Two scenarios were developed that differed in the combination of included matching variables. First, a principal analysis (Table 1) included established prognostic variables reported in previous MAICs in PsA [18,20], but incorporated one additional parameter (TNFi-IR), identified by logistic regression analysis as a key effect modifier, as detailed in our previous study [20]. Previous TNFi exposure is also likely to be an effect modifier for infliximab: it has been established that patients with PsA who switch between TNFi therapies have lower ACR responses with subsequent TNFis than TNFi-naive patients""

""By using linear predictor scales such as ORs instead of comparing natural outcome scales such as ACR 20 responses, we complied with a mandatory requirement of NICEBy using linear predictor scales such as ORs instead of comparing natural outcome scales such as ACR 20 responses, we complied with a mandatory requirement of NICE""

Weight : other
HAQ-Di = pas un score de performance
Sample size before matching = 238
Non placebo-adjusted"
10.2217/cer-2018-0141	30806520	methodology	1		Study 'number(s)' for treatment 1			"1;2"	TRUE		
10.2217/cer-2018-0141	30806520	methodology	1		Treatment name 2			infliximab	TRUE		
10.2217/cer-2018-0141	30806520	methodology	1		Study 'number(s)' for treatment 2			3	TRUE		
10.2217/cer-2018-0141	30806520	methodology	1		Type of population-adjusted indirect comparisons performed			MAIC	TRUE		
10.2217/cer-2018-0141	30806520	methodology	1		Anchored comparison?			No	TRUE		
10.2217/cer-2018-0141	30806520	methodology	1		Form of the indirect comparison			Aggregation of multiple studies to estimate individual treatment effects (e.g. meta-analysis in a first step to estimate treatment A effect, then population adjusted indirect comparison using treatment A effect estimate)	TRUE		
10.2217/cer-2018-0141	30806520	methodology	1		Definition of a single primary outcome for the indirect comparison			No primary outcome defined, or multiple primary outcomes without any clear distinction between them	TRUE		
10.2217/cer-2018-0141	30806520	methodology	1		Primary Outcome Name (first one mentioned in the text of the results part if no primary outcome defined)	american college of rheumatology (acr) responses rate at week 24	acr 20 (american college of rheumatology) criteria response at week 24	american college of rheumatology (acr) responses rate at week 24	FALSE		
10.2217/cer-2018-0141	30806520	methodology	1		Primary outcome: variable type			Binary (eg rates)	TRUE		
10.2217/cer-2018-0141	30806520	methodology	1		Justification for selecting variables to be included in the adjustment model (in the main text)	Nothing mentioned, not reported	Status of prognostic factor/treatment effect modified assessed in the IPD dataset, A priori expert-knowledge (clinically or methodologically relevant to adjust on these variables based on experts/clinicians opinion), Literature based (clinically or methodologically relevant to adjust on these variables based on the literature search conducted for this specific purpose)	Status of prognostic factor/treatment effect modified assessed in the IPD dataset, A priori expert-knowledge (clinically or methodologically relevant to adjust on these variables based on experts/clinicians opinion), Literature based (clinically or methodologically relevant to adjust on these variables based on the literature search conducted for this specific purpose)	FALSE		
10.2217/cer-2018-0141	30806520	methodology	1		Inclusion of prognostic factors in the adjustment/matching model			Yes	TRUE		
10.2217/cer-2018-0141	30806520	methodology	1		Inclusion of treatment-effect modifiers in the adjustment/matching model			Yes	TRUE		
10.2217/cer-2018-0141	30806520	methodology	1		Mention of the MAIC weights estimation model / STC adjustment model details in the main text **or supplemental materials** (ie matching on first moment, second moment, including interaction term, etc)			No	TRUE		
10.2217/cer-2018-0141	30806520	methodology	1		Discussion of the choice of the scale for the outcome in the main text (ie natural outcome scale vs transformed outcome scale)	No	Yes	Yes	FALSE		
10.2217/cer-2018-0141	30806520	methodology	2		Treatment name 1	secukinumab 300mg	secukinumab 300 mg	secukinumab 300mg	FALSE	NA	"""Weights were derived by logistic regression. The choice of matching parameters was made by consensus of all authors (who include both clinical and methodological experts). Patients were matched for key characteristics known or expected to influence clinical outcomes in individuals with psoriatic arthritis""

""The selection of baseline characteristics for matching (including prognostic variables and effect modifiers) has been described previously [20]. Two scenarios were developed that differed in the combination of included matching variables. First, a principal analysis (Table 1) included established prognostic variables reported in previous MAICs in PsA [18,20], but incorporated one additional parameter (TNFi-IR), identified by logistic regression analysis as a key effect modifier, as detailed in our previous study [20]. Previous TNFi exposure is also likely to be an effect modifier for infliximab: it has been established that patients with PsA who switch between TNFi therapies have lower ACR responses with subsequent TNFis than TNFi-naive patients""

""By using linear predictor scales such as ORs instead of comparing natural outcome scales such as ACR 20 responses, we complied with a mandatory requirement of NICEBy using linear predictor scales such as ORs instead of comparing natural outcome scales such as ACR 20 responses, we complied with a mandatory requirement of NICE""

Weight : other
HAQ-Di = pas un score de performance
Sample size before matching = 239
Non placebo-adjusted"
10.2217/cer-2018-0141	30806520	methodology	2		Study 'number(s)' for treatment 1			"1;2"	TRUE		
10.2217/cer-2018-0141	30806520	methodology	2		Treatment name 2			infliximab	TRUE		
10.2217/cer-2018-0141	30806520	methodology	2		Study 'number(s)' for treatment 2			3	TRUE		
10.2217/cer-2018-0141	30806520	methodology	2		Type of population-adjusted indirect comparisons performed			MAIC	TRUE		
10.2217/cer-2018-0141	30806520	methodology	2		Anchored comparison?			No	TRUE		
10.2217/cer-2018-0141	30806520	methodology	2		Form of the indirect comparison			Aggregation of multiple studies to estimate individual treatment effects (e.g. meta-analysis in a first step to estimate treatment A effect, then population adjusted indirect comparison using treatment A effect estimate)	TRUE		
10.2217/cer-2018-0141	30806520	methodology	2		Definition of a single primary outcome for the indirect comparison			No primary outcome defined, or multiple primary outcomes without any clear distinction between them	TRUE		
10.2217/cer-2018-0141	30806520	methodology	2		Primary Outcome Name (first one mentioned in the text of the results part if no primary outcome defined)	american college of rheumatology (acr) responses at week 54	acr 20 (american college of rheumatology) criteria response at week 54/52	american college of rheumatology (acr) responses at week 54	FALSE		
10.2217/cer-2018-0141	30806520	methodology	2		Primary outcome: variable type			Binary (eg rates)	TRUE		
10.2217/cer-2018-0141	30806520	methodology	2		Justification for selecting variables to be included in the adjustment model (in the main text)	Nothing mentioned, not reported	Statistical imbalanced between treatment groups (independently of the status of prognostic/effect modifier), A priori expert-knowledge (clinically or methodologically relevant to adjust on these variables based on experts/clinicians opinion), Literature based (clinically or methodologically relevant to adjust on these variables based on the literature search conducted for this specific purpose)	Statistical imbalanced between treatment groups (independently of the status of prognostic/effect modifier), A priori expert-knowledge (clinically or methodologically relevant to adjust on these variables based on experts/clinicians opinion), Literature based (clinically or methodologically relevant to adjust on these variables based on the literature search conducted for this specific purpose)	FALSE		
10.2217/cer-2018-0141	30806520	methodology	2		Inclusion of prognostic factors in the adjustment/matching model			Yes	TRUE		
10.2217/cer-2018-0141	30806520	methodology	2		Inclusion of treatment-effect modifiers in the adjustment/matching model			Yes	TRUE		
10.2217/cer-2018-0141	30806520	methodology	2		Mention of the MAIC weights estimation model / STC adjustment model details in the main text **or supplemental materials** (ie matching on first moment, second moment, including interaction term, etc)			No	TRUE		
10.2217/cer-2018-0141	30806520	methodology	2		Discussion of the choice of the scale for the outcome in the main text (ie natural outcome scale vs transformed outcome scale)	No	Yes	Yes	FALSE		
10.2217/cer-2018-0141	30806520	results	1		Sample size of the population of interest in the non IPD treatment arm			100	TRUE		
10.2217/cer-2018-0141	30806520	results	1		"Sample size in the IPD treatment arm used in the indirect comparison, ie effective sample size after reweighting for MAIC; or sample size used in the regression model for STC"			84	TRUE		
10.2217/cer-2018-0141	30806520	results	1		Reporting of a weights' distribution evaluation (MAIC)			Not mentioned	TRUE		
10.2217/cer-2018-0141	30806520	results	1		Reporting of the list of the covariates adjusted for/matched on	Yes	No	Yes	FALSE		
10.2217/cer-2018-0141	30806520	results	1		Number of covariates adjusted for/matched on			11	TRUE		
10.2217/cer-2018-0141	30806520	results	1		Covariates adjusted for/matched on in the indirect comparison			Age, Sex, Disease severity/disease history (ie past conditions or symptoms directly related to the disease of interest, eg history of venous thromboembolism in sickle cell disease), Race/ethnicity, Past treatments for the disease of interest, Other(s)	TRUE		
10.2217/cer-2018-0141	30806520	results	1		Primary outcome: treatment effect contrast			OR	TRUE		
10.2217/cer-2018-0141	30806520	results	1		Direction of the treatment effect contrast: IPD treatment is:			Numerator if ratio, or left side if difference	TRUE		
10.2217/cer-2018-0141	30806520	results	1		Primary outcome: adjusted treatment effect			2.31	TRUE		
10.2217/cer-2018-0141	30806520	results	1		"p-value for the adjusted treatment effect (or 95 CI if pvalue is not provided, written as [X.XX;Y.YY])"			0.008	TRUE		
10.2217/cer-2018-0141	30806520	results	1		Initial sample size of the population of interest in the IPD treatment arm	238		238	FALSE		
10.2217/cer-2018-0141	30806520	results	2		Sample size of the population of interest in the non IPD treatment arm			100	TRUE		
10.2217/cer-2018-0141	30806520	results	2		"Sample size in the IPD treatment arm used in the indirect comparison, ie effective sample size after reweighting for MAIC; or sample size used in the regression model for STC"			70	TRUE		
10.2217/cer-2018-0141	30806520	results	2		Reporting of a weights' distribution evaluation (MAIC)			Not mentioned	TRUE		
10.2217/cer-2018-0141	30806520	results	2		Reporting of the list of the covariates adjusted for/matched on			Yes	TRUE		
10.2217/cer-2018-0141	30806520	results	2		Number of covariates adjusted for/matched on			11	TRUE		
10.2217/cer-2018-0141	30806520	results	2		Covariates adjusted for/matched on in the indirect comparison			Age, Sex, Disease severity/disease history (ie past conditions or symptoms directly related to the disease of interest, eg history of venous thromboembolism in sickle cell disease), Race/ethnicity, Past treatments for the disease of interest, Other(s)	TRUE		
10.2217/cer-2018-0141	30806520	results	2		Primary outcome: treatment effect contrast			OR	TRUE		
10.2217/cer-2018-0141	30806520	results	2		Direction of the treatment effect contrast: IPD treatment is:			Numerator if ratio, or left side if difference	TRUE		
10.2217/cer-2018-0141	30806520	results	2		Primary outcome: adjusted treatment effect			2.72	TRUE		
10.2217/cer-2018-0141	30806520	results	2		"p-value for the adjusted treatment effect (or 95 CI if pvalue is not provided, written as [X.XX;Y.YY])"			0.006	TRUE		
10.2217/cer-2018-0141	30806520	results	2		Initial sample size of the population of interest in the IPD treatment arm	239		239	FALSE		
