﻿doi;PMID;section;ITC num;Ind studies num;questions;reviewer 1;reviewer 2;decision;identical;Notes reviewer 1;Notes reviewer 2
10.1016/j.clinthera.2019.09.012;31699438;general_information;;;Medical Condition of Interest Name;;;relapsed/refractory mantle cell lymphoma;TRUE;NA;NA
10.1016/j.clinthera.2019.09.012;31699438;general_information;;;Countries of first author affiliations;;;usa;TRUE;;
10.1016/j.clinthera.2019.09.012;31699438;general_information;;;Countries of last author affiliations;;;usa;TRUE;;
10.1016/j.clinthera.2019.09.012;31699438;general_information;;;Positions of study investigators (for any authors of the article, any that applies);;;Pharmaceutical Industry, Private Data Analysis Company;TRUE;;
10.1016/j.clinthera.2019.09.012;31699438;general_information;;;At least one author affiliated with a department of Biostatistics, Epidemiology, Public Health, Pharmacoepidemiology, or a Clinical Research unit, or private data analysis company;;;Yes;TRUE;;
10.1016/j.clinthera.2019.09.012;31699438;general_information;;;Mentioned sources of funding;;;Pharmaceutical Industry;TRUE;;
10.1016/j.clinthera.2019.09.012;31699438;general_information;;;Ties with pharmaceutical industry mentionned in competing interest/conflict of interest/disclaimer, or any equivalent section in the article;;;Yes;TRUE;;
10.1016/j.clinthera.2019.09.012;31699438;general_information;;;Mention of a systematic review to find the studies to compare treatments of interest;;;Yes;TRUE;;
10.1016/j.clinthera.2019.09.012;31699438;study_information;;1;Patient-level data used;;;Yes;TRUE;;
10.1016/j.clinthera.2019.09.012;31699438;study_information;;1;Clinical Trial;;;Yes;TRUE;;
10.1016/j.clinthera.2019.09.012;31699438;study_information;;1;NCT (only for clinical trial registered on clinicaltrials.gov);;;NCT02213926;TRUE;;
10.1016/j.clinthera.2019.09.012;31699438;study_information;;1;Country where the clinical trial/observational study was conducted (international if more than one);;;international;TRUE;;
10.1016/j.clinthera.2019.09.012;31699438;study_information;;1;Phase of the clinical trial (clinical trial only);;;2;TRUE;;
10.1016/j.clinthera.2019.09.012;31699438;study_information;;1;Number of treatment arms (clinical trial only);;;1;TRUE;;
10.1016/j.clinthera.2019.09.012;31699438;study_information;;10;Patient-level data used;;;No;TRUE;;
10.1016/j.clinthera.2019.09.012;31699438;study_information;;10;Clinical Trial;;;Yes;TRUE;;
10.1016/j.clinthera.2019.09.012;31699438;study_information;;10;NCT (only for clinical trial registered on clinicaltrials.gov);;;NCT01880567;TRUE;;
10.1016/j.clinthera.2019.09.012;31699438;study_information;;10;Country where the clinical trial/observational study was conducted (international if more than one);;;usa;TRUE;;
10.1016/j.clinthera.2019.09.012;31699438;study_information;;10;Phase of the clinical trial (clinical trial only);;;2;TRUE;;
10.1016/j.clinthera.2019.09.012;31699438;study_information;;10;Number of treatment arms (clinical trial only);;;1;TRUE;;
10.1016/j.clinthera.2019.09.012;31699438;study_information;;11;Patient-level data used;;;No;TRUE;;
10.1016/j.clinthera.2019.09.012;31699438;study_information;;11;Clinical Trial;;;Yes;TRUE;;
10.1016/j.clinthera.2019.09.012;31699438;study_information;;11;Data source name (only if observational study or clinical trial without NCT);;;czuczman 2015;TRUE;;
10.1016/j.clinthera.2019.09.012;31699438;study_information;;11;Phase of the clinical trial (clinical trial only);;;2;TRUE;;
10.1016/j.clinthera.2019.09.012;31699438;study_information;;11;Number of treatment arms (clinical trial only);;;1;TRUE;;
10.1016/j.clinthera.2019.09.012;31699438;study_information;;11;Country where the clinical trial/observational study was conducted (international if more than one);unknown;;XXXX;FALSE;;
10.1016/j.clinthera.2019.09.012;31699438;study_information;;12;Patient-level data used;;;No;TRUE;;
10.1016/j.clinthera.2019.09.012;31699438;study_information;;12;Clinical Trial;;;Yes;TRUE;;
10.1016/j.clinthera.2019.09.012;31699438;study_information;;12;NCT (only for clinical trial registered on clinicaltrials.gov);;;NCT00294632;TRUE;;
10.1016/j.clinthera.2019.09.012;31699438;study_information;;12;Country where the clinical trial/observational study was conducted (international if more than one);;;usa;TRUE;;
10.1016/j.clinthera.2019.09.012;31699438;study_information;;12;Phase of the clinical trial (clinical trial only);;;1, 2;TRUE;;
10.1016/j.clinthera.2019.09.012;31699438;study_information;;12;Number of treatment arms (clinical trial only);;;1;TRUE;;
10.1016/j.clinthera.2019.09.012;31699438;study_information;;2;Patient-level data used;;;No;TRUE;;
10.1016/j.clinthera.2019.09.012;31699438;study_information;;2;Clinical Trial;;;Yes;TRUE;;
10.1016/j.clinthera.2019.09.012;31699438;study_information;;2;NCT (only for clinical trial registered on clinicaltrials.gov);;;NCT01646021;TRUE;;
10.1016/j.clinthera.2019.09.012;31699438;study_information;;2;Country where the clinical trial/observational study was conducted (international if more than one);;;international;TRUE;;
10.1016/j.clinthera.2019.09.012;31699438;study_information;;2;Phase of the clinical trial (clinical trial only);;;3;TRUE;;
10.1016/j.clinthera.2019.09.012;31699438;study_information;;2;Number of treatment arms (clinical trial only);;;2 or more;TRUE;;
10.1016/j.clinthera.2019.09.012;31699438;study_information;;3;Patient-level data used;;;No;TRUE;;
10.1016/j.clinthera.2019.09.012;31699438;study_information;;3;Clinical Trial;;;Yes;TRUE;;
10.1016/j.clinthera.2019.09.012;31699438;study_information;;3;NCT (only for clinical trial registered on clinicaltrials.gov);;;NCT01236391;TRUE;;
10.1016/j.clinthera.2019.09.012;31699438;study_information;;3;Country where the clinical trial/observational study was conducted (international if more than one);;;international;TRUE;;
10.1016/j.clinthera.2019.09.012;31699438;study_information;;3;Phase of the clinical trial (clinical trial only);;;2;TRUE;;
10.1016/j.clinthera.2019.09.012;31699438;study_information;;3;Number of treatment arms (clinical trial only);;;1;TRUE;;
10.1016/j.clinthera.2019.09.012;31699438;study_information;;4;Patient-level data used;;;No;TRUE;;
10.1016/j.clinthera.2019.09.012;31699438;study_information;;4;Clinical Trial;;;Yes;TRUE;;
10.1016/j.clinthera.2019.09.012;31699438;study_information;;4;NCT (only for clinical trial registered on clinicaltrials.gov);;;NCT01599949;TRUE;;
10.1016/j.clinthera.2019.09.012;31699438;study_information;;4;Country where the clinical trial/observational study was conducted (international if more than one);;;international;TRUE;;
10.1016/j.clinthera.2019.09.012;31699438;study_information;;4;Phase of the clinical trial (clinical trial only);;;2;TRUE;;
10.1016/j.clinthera.2019.09.012;31699438;study_information;;4;Number of treatment arms (clinical trial only);;;1;TRUE;;
10.1016/j.clinthera.2019.09.012;31699438;study_information;;5;Patient-level data used;;;No;TRUE;;
10.1016/j.clinthera.2019.09.012;31699438;study_information;;5;Clinical Trial;;;Yes;TRUE;;
10.1016/j.clinthera.2019.09.012;31699438;study_information;;5;Data source name (only if observational study or clinical trial without NCT);;;pinnacle;TRUE;;
10.1016/j.clinthera.2019.09.012;31699438;study_information;;5;Country where the clinical trial/observational study was conducted (international if more than one);;;international;TRUE;;
10.1016/j.clinthera.2019.09.012;31699438;study_information;;5;Phase of the clinical trial (clinical trial only);;;2;TRUE;;
10.1016/j.clinthera.2019.09.012;31699438;study_information;;5;Number of treatment arms (clinical trial only);;;1;TRUE;;
10.1016/j.clinthera.2019.09.012;31699438;study_information;;6;Patient-level data used;;;No;TRUE;;
10.1016/j.clinthera.2019.09.012;31699438;study_information;;6;Clinical Trial;;;Yes;TRUE;;
10.1016/j.clinthera.2019.09.012;31699438;study_information;;6;NCT (only for clinical trial registered on clinicaltrials.gov);;;NCT00875667;TRUE;;
10.1016/j.clinthera.2019.09.012;31699438;study_information;;6;Country where the clinical trial/observational study was conducted (international if more than one);;;international;TRUE;;
10.1016/j.clinthera.2019.09.012;31699438;study_information;;6;Phase of the clinical trial (clinical trial only);;;2;TRUE;;
10.1016/j.clinthera.2019.09.012;31699438;study_information;;6;Number of treatment arms (clinical trial only);;;2 or more;TRUE;;
10.1016/j.clinthera.2019.09.012;31699438;study_information;;7;Patient-level data used;;;No;TRUE;;
10.1016/j.clinthera.2019.09.012;31699438;study_information;;7;Clinical Trial;;;Yes;TRUE;;
10.1016/j.clinthera.2019.09.012;31699438;study_information;;7;NCT (only for clinical trial registered on clinicaltrials.gov);;;NCT00737529;TRUE;;
10.1016/j.clinthera.2019.09.012;31699438;study_information;;7;Country where the clinical trial/observational study was conducted (international if more than one);;;international;TRUE;;
10.1016/j.clinthera.2019.09.012;31699438;study_information;;7;Phase of the clinical trial (clinical trial only);;;2;TRUE;;
10.1016/j.clinthera.2019.09.012;31699438;study_information;;7;Number of treatment arms (clinical trial only);;;1;TRUE;;
10.1016/j.clinthera.2019.09.012;31699438;study_information;;8;Patient-level data used;;;No;TRUE;;
10.1016/j.clinthera.2019.09.012;31699438;study_information;;8;Clinical Trial;;;Yes;TRUE;;
10.1016/j.clinthera.2019.09.012;31699438;study_information;;8;NCT (only for clinical trial registered on clinicaltrials.gov);;;NCT00117598;TRUE;;
10.1016/j.clinthera.2019.09.012;31699438;study_information;;8;Country where the clinical trial/observational study was conducted (international if more than one);;;international;TRUE;;
10.1016/j.clinthera.2019.09.012;31699438;study_information;;8;Phase of the clinical trial (clinical trial only);;;3;TRUE;;
10.1016/j.clinthera.2019.09.012;31699438;study_information;;8;Number of treatment arms (clinical trial only);;;2 or more;TRUE;;
10.1016/j.clinthera.2019.09.012;31699438;study_information;;9;Patient-level data used;;;No;TRUE;;
10.1016/j.clinthera.2019.09.012;31699438;study_information;;9;Clinical Trial;;;Yes;TRUE;;
10.1016/j.clinthera.2019.09.012;31699438;study_information;;9;NCT (only for clinical trial registered on clinicaltrials.gov);;;NCT01180049;TRUE;;
10.1016/j.clinthera.2019.09.012;31699438;study_information;;9;Country where the clinical trial/observational study was conducted (international if more than one);;;international;TRUE;;
10.1016/j.clinthera.2019.09.012;31699438;study_information;;9;Phase of the clinical trial (clinical trial only);;;4;TRUE;;
10.1016/j.clinthera.2019.09.012;31699438;study_information;;9;Number of treatment arms (clinical trial only);;;2 or more;TRUE;;
10.1016/j.clinthera.2019.09.012;31699438;methodology;1;;Treatment name 1;;;acalabrutinib;TRUE;NA;Studies 1 to 5   Studies from 6 to 10
10.1016/j.clinthera.2019.09.012;31699438;methodology;1;;Study 'number(s)' for treatment 1;;;1;TRUE;;
10.1016/j.clinthera.2019.09.012;31699438;methodology;1;;Treatment name 2;;;ibrutinib;TRUE;;
10.1016/j.clinthera.2019.09.012;31699438;methodology;1;;Study 'number(s)' for treatment 2;;;"2;3;4";TRUE;;
10.1016/j.clinthera.2019.09.012;31699438;methodology;1;;Type of population-adjusted indirect comparisons performed;;;MAIC;TRUE;;
10.1016/j.clinthera.2019.09.012;31699438;methodology;1;;Anchored comparison?;;;No;TRUE;;
10.1016/j.clinthera.2019.09.012;31699438;methodology;1;;Form of the indirect comparison;;;Aggregation of multiple studies to estimate individual treatment effects (e.g. meta-analysis in a first step to estimate treatment A effect, then population adjusted indirect comparison using treatment A effect estimate);TRUE;;
10.1016/j.clinthera.2019.09.012;31699438;methodology;1;;Definition of a single primary outcome for the indirect comparison;;;No primary outcome defined, or multiple primary outcomes without any clear distinction between them;TRUE;;
10.1016/j.clinthera.2019.09.012;31699438;methodology;1;;Primary Outcome Name (first one mentioned in the text of the results part if no primary outcome defined);overall response rate;objective response rate;overall response rate;FALSE;;
10.1016/j.clinthera.2019.09.012;31699438;methodology;1;;Primary outcome: variable type;;;Binary (eg rates);TRUE;;
10.1016/j.clinthera.2019.09.012;31699438;methodology;1;;Justification for selecting variables to be included in the adjustment model (in the main text);;;A priori expert-knowledge (clinically or methodologically relevant to adjust on these variables based on experts/clinicians opinion);TRUE;;
10.1016/j.clinthera.2019.09.012;31699438;methodology;1;;Inclusion of prognostic factors in the adjustment/matching model;;;No discussion (in the main text) of the status of prognostic factors of the variables;TRUE;;
10.1016/j.clinthera.2019.09.012;31699438;methodology;1;;Inclusion of treatment-effect modifiers in the adjustment/matching model;;;No discussion (in the main text) of the status of treatment-effect modifiers of the variables;TRUE;;
10.1016/j.clinthera.2019.09.012;31699438;methodology;1;;Mention of the MAIC weights estimation model / STC adjustment model details in the main text **or supplemental materials** (ie matching on first moment, second moment, including interaction term, etc);;;No;TRUE;;
10.1016/j.clinthera.2019.09.012;31699438;methodology;1;;Discussion of the choice of the scale for the outcome in the main text (ie natural outcome scale vs transformed outcome scale);;;No;TRUE;;
10.1016/j.clinthera.2019.09.012;31699438;methodology;2;;Treatment name 1;;;acalabrutinib;TRUE;NA;NA
10.1016/j.clinthera.2019.09.012;31699438;methodology;2;;Study 'number(s)' for treatment 1;;;1;TRUE;;
10.1016/j.clinthera.2019.09.012;31699438;methodology;2;;Treatment name 2;;;bortezomib;TRUE;;
10.1016/j.clinthera.2019.09.012;31699438;methodology;2;;Study 'number(s)' for treatment 2;;;5;TRUE;;
10.1016/j.clinthera.2019.09.012;31699438;methodology;2;;Type of population-adjusted indirect comparisons performed;;;MAIC;TRUE;;
10.1016/j.clinthera.2019.09.012;31699438;methodology;2;;Anchored comparison?;;;No;TRUE;;
10.1016/j.clinthera.2019.09.012;31699438;methodology;2;;Form of the indirect comparison;;;Simple (ie treatments effects extracted from two studies);TRUE;;
10.1016/j.clinthera.2019.09.012;31699438;methodology;2;;Definition of a single primary outcome for the indirect comparison;;;No primary outcome defined, or multiple primary outcomes without any clear distinction between them;TRUE;;
10.1016/j.clinthera.2019.09.012;31699438;methodology;2;;Primary Outcome Name (first one mentioned in the text of the results part if no primary outcome defined);overall response rate;objective response rate;overall response rate;FALSE;;
10.1016/j.clinthera.2019.09.012;31699438;methodology;2;;Primary outcome: variable type;;;Binary (eg rates);TRUE;;
10.1016/j.clinthera.2019.09.012;31699438;methodology;2;;Justification for selecting variables to be included in the adjustment model (in the main text);;;A priori expert-knowledge (clinically or methodologically relevant to adjust on these variables based on experts/clinicians opinion);TRUE;;
10.1016/j.clinthera.2019.09.012;31699438;methodology;2;;Inclusion of prognostic factors in the adjustment/matching model;;;No discussion (in the main text) of the status of prognostic factors of the variables;TRUE;;
10.1016/j.clinthera.2019.09.012;31699438;methodology;2;;Inclusion of treatment-effect modifiers in the adjustment/matching model;;;No discussion (in the main text) of the status of treatment-effect modifiers of the variables;TRUE;;
10.1016/j.clinthera.2019.09.012;31699438;methodology;2;;Mention of the MAIC weights estimation model / STC adjustment model details in the main text **or supplemental materials** (ie matching on first moment, second moment, including interaction term, etc);;;No;TRUE;;
10.1016/j.clinthera.2019.09.012;31699438;methodology;2;;Discussion of the choice of the scale for the outcome in the main text (ie natural outcome scale vs transformed outcome scale);;;No;TRUE;;
10.1016/j.clinthera.2019.09.012;31699438;methodology;3;;Treatment name 1;;;acalabrutinib;TRUE;NA;NA
10.1016/j.clinthera.2019.09.012;31699438;methodology;3;;Study 'number(s)' for treatment 1;;;1;TRUE;;
10.1016/j.clinthera.2019.09.012;31699438;methodology;3;;Treatment name 2;;;lenalidomide;TRUE;;
10.1016/j.clinthera.2019.09.012;31699438;methodology;3;;Study 'number(s)' for treatment 2;;;"6;7";TRUE;;
10.1016/j.clinthera.2019.09.012;31699438;methodology;3;;Type of population-adjusted indirect comparisons performed;;;MAIC;TRUE;;
10.1016/j.clinthera.2019.09.012;31699438;methodology;3;;Anchored comparison?;;;No;TRUE;;
10.1016/j.clinthera.2019.09.012;31699438;methodology;3;;Form of the indirect comparison;;;Aggregation of multiple studies to estimate individual treatment effects (e.g. meta-analysis in a first step to estimate treatment A effect, then population adjusted indirect comparison using treatment A effect estimate);TRUE;;
10.1016/j.clinthera.2019.09.012;31699438;methodology;3;;Definition of a single primary outcome for the indirect comparison;;;No primary outcome defined, or multiple primary outcomes without any clear distinction between them;TRUE;;
10.1016/j.clinthera.2019.09.012;31699438;methodology;3;;Primary Outcome Name (first one mentioned in the text of the results part if no primary outcome defined);overall response rate;objective response rate;overall response rate;FALSE;;
10.1016/j.clinthera.2019.09.012;31699438;methodology;3;;Primary outcome: variable type;;;Binary (eg rates);TRUE;;
10.1016/j.clinthera.2019.09.012;31699438;methodology;3;;Justification for selecting variables to be included in the adjustment model (in the main text);;;A priori expert-knowledge (clinically or methodologically relevant to adjust on these variables based on experts/clinicians opinion);TRUE;;
10.1016/j.clinthera.2019.09.012;31699438;methodology;3;;Inclusion of prognostic factors in the adjustment/matching model;;;No discussion (in the main text) of the status of prognostic factors of the variables;TRUE;;
10.1016/j.clinthera.2019.09.012;31699438;methodology;3;;Inclusion of treatment-effect modifiers in the adjustment/matching model;;;No discussion (in the main text) of the status of treatment-effect modifiers of the variables;TRUE;;
10.1016/j.clinthera.2019.09.012;31699438;methodology;3;;Mention of the MAIC weights estimation model / STC adjustment model details in the main text **or supplemental materials** (ie matching on first moment, second moment, including interaction term, etc);;;No;TRUE;;
10.1016/j.clinthera.2019.09.012;31699438;methodology;3;;Discussion of the choice of the scale for the outcome in the main text (ie natural outcome scale vs transformed outcome scale);;;No;TRUE;;
10.1016/j.clinthera.2019.09.012;31699438;methodology;4;;Treatment name 1;;;acalabrutinib;TRUE;NA;NA
10.1016/j.clinthera.2019.09.012;31699438;methodology;4;;Study 'number(s)' for treatment 1;;;1;TRUE;;
10.1016/j.clinthera.2019.09.012;31699438;methodology;4;;Treatment name 2;;;temsirolimus;TRUE;;
10.1016/j.clinthera.2019.09.012;31699438;methodology;4;;Study 'number(s)' for treatment 2;;;"2;8;9";TRUE;;
10.1016/j.clinthera.2019.09.012;31699438;methodology;4;;Type of population-adjusted indirect comparisons performed;;;MAIC;TRUE;;
10.1016/j.clinthera.2019.09.012;31699438;methodology;4;;Anchored comparison?;;;No;TRUE;;
10.1016/j.clinthera.2019.09.012;31699438;methodology;4;;Form of the indirect comparison;;;Aggregation of multiple studies to estimate individual treatment effects (e.g. meta-analysis in a first step to estimate treatment A effect, then population adjusted indirect comparison using treatment A effect estimate);TRUE;;
10.1016/j.clinthera.2019.09.012;31699438;methodology;4;;Definition of a single primary outcome for the indirect comparison;;;No primary outcome defined, or multiple primary outcomes without any clear distinction between them;TRUE;;
10.1016/j.clinthera.2019.09.012;31699438;methodology;4;;Primary Outcome Name (first one mentioned in the text of the results part if no primary outcome defined);overall response rate;objective response rate;overall response rate;FALSE;;
10.1016/j.clinthera.2019.09.012;31699438;methodology;4;;Primary outcome: variable type;;;Binary (eg rates);TRUE;;
10.1016/j.clinthera.2019.09.012;31699438;methodology;4;;Justification for selecting variables to be included in the adjustment model (in the main text);;;A priori expert-knowledge (clinically or methodologically relevant to adjust on these variables based on experts/clinicians opinion);TRUE;;
10.1016/j.clinthera.2019.09.012;31699438;methodology;4;;Inclusion of prognostic factors in the adjustment/matching model;;;No discussion (in the main text) of the status of prognostic factors of the variables;TRUE;;
10.1016/j.clinthera.2019.09.012;31699438;methodology;4;;Inclusion of treatment-effect modifiers in the adjustment/matching model;;;No discussion (in the main text) of the status of treatment-effect modifiers of the variables;TRUE;;
10.1016/j.clinthera.2019.09.012;31699438;methodology;4;;Mention of the MAIC weights estimation model / STC adjustment model details in the main text **or supplemental materials** (ie matching on first moment, second moment, including interaction term, etc);;;No;TRUE;;
10.1016/j.clinthera.2019.09.012;31699438;methodology;4;;Discussion of the choice of the scale for the outcome in the main text (ie natural outcome scale vs transformed outcome scale);;;No;TRUE;;
10.1016/j.clinthera.2019.09.012;31699438;methodology;5;;Treatment name 1;;;acalabrutinib;TRUE;NA;NA
10.1016/j.clinthera.2019.09.012;31699438;methodology;5;;Study 'number(s)' for treatment 1;;;1;TRUE;;
10.1016/j.clinthera.2019.09.012;31699438;methodology;5;;Treatment name 2;;;ibrutinib + rituximab;TRUE;;
10.1016/j.clinthera.2019.09.012;31699438;methodology;5;;Study 'number(s)' for treatment 2;;;10;TRUE;;
10.1016/j.clinthera.2019.09.012;31699438;methodology;5;;Type of population-adjusted indirect comparisons performed;;;MAIC;TRUE;;
10.1016/j.clinthera.2019.09.012;31699438;methodology;5;;Anchored comparison?;;;No;TRUE;;
10.1016/j.clinthera.2019.09.012;31699438;methodology;5;;Form of the indirect comparison;;;Simple (ie treatments effects extracted from two studies);TRUE;;
10.1016/j.clinthera.2019.09.012;31699438;methodology;5;;Definition of a single primary outcome for the indirect comparison;;;No primary outcome defined, or multiple primary outcomes without any clear distinction between them;TRUE;;
10.1016/j.clinthera.2019.09.012;31699438;methodology;5;;Primary Outcome Name (first one mentioned in the text of the results part if no primary outcome defined);overall response rate;objective response rate;overall response rate;FALSE;;
10.1016/j.clinthera.2019.09.012;31699438;methodology;5;;Primary outcome: variable type;;;Binary (eg rates);TRUE;;
10.1016/j.clinthera.2019.09.012;31699438;methodology;5;;Justification for selecting variables to be included in the adjustment model (in the main text);;;A priori expert-knowledge (clinically or methodologically relevant to adjust on these variables based on experts/clinicians opinion);TRUE;;
10.1016/j.clinthera.2019.09.012;31699438;methodology;5;;Inclusion of prognostic factors in the adjustment/matching model;;;No discussion (in the main text) of the status of prognostic factors of the variables;TRUE;;
10.1016/j.clinthera.2019.09.012;31699438;methodology;5;;Inclusion of treatment-effect modifiers in the adjustment/matching model;;;No discussion (in the main text) of the status of treatment-effect modifiers of the variables;TRUE;;
10.1016/j.clinthera.2019.09.012;31699438;methodology;5;;Mention of the MAIC weights estimation model / STC adjustment model details in the main text **or supplemental materials** (ie matching on first moment, second moment, including interaction term, etc);;;No;TRUE;;
10.1016/j.clinthera.2019.09.012;31699438;methodology;5;;Discussion of the choice of the scale for the outcome in the main text (ie natural outcome scale vs transformed outcome scale);;;No;TRUE;;
10.1016/j.clinthera.2019.09.012;31699438;methodology;6;;Treatment name 1;;;acalabrutinib;TRUE;NA;NA
10.1016/j.clinthera.2019.09.012;31699438;methodology;6;;Study 'number(s)' for treatment 1;;;1;TRUE;;
10.1016/j.clinthera.2019.09.012;31699438;methodology;6;;Treatment name 2;ibrutinib + rituximab;bendamustine + rituximab;bendamustine + rituximab;FALSE;;
10.1016/j.clinthera.2019.09.012;31699438;methodology;6;;Study 'number(s)' for treatment 2;;;11;TRUE;;
10.1016/j.clinthera.2019.09.012;31699438;methodology;6;;Type of population-adjusted indirect comparisons performed;;;MAIC;TRUE;;
10.1016/j.clinthera.2019.09.012;31699438;methodology;6;;Anchored comparison?;;;No;TRUE;;
10.1016/j.clinthera.2019.09.012;31699438;methodology;6;;Form of the indirect comparison;;;Simple (ie treatments effects extracted from two studies);TRUE;;
10.1016/j.clinthera.2019.09.012;31699438;methodology;6;;Definition of a single primary outcome for the indirect comparison;;;No primary outcome defined, or multiple primary outcomes without any clear distinction between them;TRUE;;
10.1016/j.clinthera.2019.09.012;31699438;methodology;6;;Primary Outcome Name (first one mentioned in the text of the results part if no primary outcome defined);overall response rate;objective response rate;overall response rate;FALSE;;
10.1016/j.clinthera.2019.09.012;31699438;methodology;6;;Primary outcome: variable type;;;Binary (eg rates);TRUE;;
10.1016/j.clinthera.2019.09.012;31699438;methodology;6;;Justification for selecting variables to be included in the adjustment model (in the main text);;;A priori expert-knowledge (clinically or methodologically relevant to adjust on these variables based on experts/clinicians opinion);TRUE;;
10.1016/j.clinthera.2019.09.012;31699438;methodology;6;;Inclusion of prognostic factors in the adjustment/matching model;;;No discussion (in the main text) of the status of prognostic factors of the variables;TRUE;;
10.1016/j.clinthera.2019.09.012;31699438;methodology;6;;Inclusion of treatment-effect modifiers in the adjustment/matching model;;;No discussion (in the main text) of the status of treatment-effect modifiers of the variables;TRUE;;
10.1016/j.clinthera.2019.09.012;31699438;methodology;6;;Mention of the MAIC weights estimation model / STC adjustment model details in the main text **or supplemental materials** (ie matching on first moment, second moment, including interaction term, etc);;;No;TRUE;;
10.1016/j.clinthera.2019.09.012;31699438;methodology;6;;Discussion of the choice of the scale for the outcome in the main text (ie natural outcome scale vs transformed outcome scale);;;No;TRUE;;
10.1016/j.clinthera.2019.09.012;31699438;methodology;7;;Treatment name 1;;;acalabrutinib;TRUE;NA;NA
10.1016/j.clinthera.2019.09.012;31699438;methodology;7;;Study 'number(s)' for treatment 1;;;1;TRUE;;
10.1016/j.clinthera.2019.09.012;31699438;methodology;7;;Treatment name 2;;;lenalidomide + rituximab;TRUE;;
10.1016/j.clinthera.2019.09.012;31699438;methodology;7;;Study 'number(s)' for treatment 2;;;12;TRUE;;
10.1016/j.clinthera.2019.09.012;31699438;methodology;7;;Type of population-adjusted indirect comparisons performed;;;MAIC;TRUE;;
10.1016/j.clinthera.2019.09.012;31699438;methodology;7;;Anchored comparison?;;;No;TRUE;;
10.1016/j.clinthera.2019.09.012;31699438;methodology;7;;Form of the indirect comparison;;;Simple (ie treatments effects extracted from two studies);TRUE;;
10.1016/j.clinthera.2019.09.012;31699438;methodology;7;;Definition of a single primary outcome for the indirect comparison;;;No primary outcome defined, or multiple primary outcomes without any clear distinction between them;TRUE;;
10.1016/j.clinthera.2019.09.012;31699438;methodology;7;;Primary Outcome Name (first one mentioned in the text of the results part if no primary outcome defined);overall response rate;objective response rate;overall response rate;FALSE;;
10.1016/j.clinthera.2019.09.012;31699438;methodology;7;;Primary outcome: variable type;;;Binary (eg rates);TRUE;;
10.1016/j.clinthera.2019.09.012;31699438;methodology;7;;Justification for selecting variables to be included in the adjustment model (in the main text);;;A priori expert-knowledge (clinically or methodologically relevant to adjust on these variables based on experts/clinicians opinion);TRUE;;
10.1016/j.clinthera.2019.09.012;31699438;methodology;7;;Inclusion of prognostic factors in the adjustment/matching model;;;No discussion (in the main text) of the status of prognostic factors of the variables;TRUE;;
10.1016/j.clinthera.2019.09.012;31699438;methodology;7;;Inclusion of treatment-effect modifiers in the adjustment/matching model;;;No discussion (in the main text) of the status of treatment-effect modifiers of the variables;TRUE;;
10.1016/j.clinthera.2019.09.012;31699438;methodology;7;;Mention of the MAIC weights estimation model / STC adjustment model details in the main text **or supplemental materials** (ie matching on first moment, second moment, including interaction term, etc);;;No;TRUE;;
10.1016/j.clinthera.2019.09.012;31699438;methodology;7;;Discussion of the choice of the scale for the outcome in the main text (ie natural outcome scale vs transformed outcome scale);;;No;TRUE;;
10.1016/j.clinthera.2019.09.012;31699438;results;1;;Sample size of the population of interest in the non IPD treatment arm;;;370;TRUE;;
10.1016/j.clinthera.2019.09.012;31699438;results;1;;Initial sample size of the population of interest in the IPD treatment arm;;;123;TRUE;;
10.1016/j.clinthera.2019.09.012;31699438;results;1;;"Sample size in the IPD treatment arm used in the indirect comparison, ie effective sample size after reweighting for MAIC; or sample size used in the regression model for STC";;;45;TRUE;;
10.1016/j.clinthera.2019.09.012;31699438;results;1;;Reporting of a weights' distribution evaluation (MAIC);;;Not mentioned;TRUE;;
10.1016/j.clinthera.2019.09.012;31699438;results;1;;Reporting of the list of the covariates adjusted for/matched on;;;Yes;TRUE;;
10.1016/j.clinthera.2019.09.012;31699438;results;1;;Number of covariates adjusted for/matched on;10;12;10;FALSE;;
10.1016/j.clinthera.2019.09.012;31699438;results;1;;Covariates adjusted for/matched on in the indirect comparison;Age, Sex,Disease severity/disease history (ie past conditions or symptoms directly related to the disease of interest, eg history of venous thromboembolism in sickle cell disease), Race/ethnicity, Performance score (ECOG PS, Karnofsky, Lansky, OMS, Ranson, ...), Past treatments for the disease of interest;Age, Sex, Disease severity/disease history (ie past conditions or symptoms directly related to the disease of interest, eg history of venous thromboembolism in sickle cell disease), Race/ethnicity, Performance score (ECOG PS, Karnofsky, Lansky, OMS, Ranson, ...), Past treatments for the disease of interest;Age, Sex, Disease severity/disease history (ie past conditions or symptoms directly related to the disease of interest, eg history of venous thromboembolism in sickle cell disease), Race/ethnicity, Performance score (ECOG PS, Karnofsky, Lansky, OMS, Ranson, ...), Past treatments for the disease of interest;FALSE;;
10.1016/j.clinthera.2019.09.012;31699438;results;1;;Primary outcome: treatment effect contrast;;;Rate difference;TRUE;;
10.1016/j.clinthera.2019.09.012;31699438;results;1;;Direction of the treatment effect contrast: IPD treatment is:;;;Numerator if ratio, or left side if difference;TRUE;;
10.1016/j.clinthera.2019.09.012;31699438;results;1;;Primary outcome: unadjusted treatment effect;;;10.2;TRUE;;
10.1016/j.clinthera.2019.09.012;31699438;results;1;;p-value for the unadjusted treatment effect (or 95 CI if pvalue is not provided, written as [X.XX-Y.YY]);;;<0.05;TRUE;;
10.1016/j.clinthera.2019.09.012;31699438;results;1;;Primary outcome: adjusted treatment effect;;;9.3;TRUE;;
10.1016/j.clinthera.2019.09.012;31699438;results;1;;"p-value for the adjusted treatment effect (or 95 CI if pvalue is not provided, written as [X.XX;Y.YY])";<0.001;<0.05;<0.05;FALSE;;
10.1016/j.clinthera.2019.09.012;31699438;results;2;;Sample size of the population of interest in the non IPD treatment arm;;;155;TRUE;;
10.1016/j.clinthera.2019.09.012;31699438;results;2;;Initial sample size of the population of interest in the IPD treatment arm;;;124;TRUE;;
10.1016/j.clinthera.2019.09.012;31699438;results;2;;"Sample size in the IPD treatment arm used in the indirect comparison, ie effective sample size after reweighting for MAIC; or sample size used in the regression model for STC";;;61;TRUE;;
10.1016/j.clinthera.2019.09.012;31699438;results;2;;Reporting of a weights' distribution evaluation (MAIC);;;Not mentioned;TRUE;;
10.1016/j.clinthera.2019.09.012;31699438;results;2;;Reporting of the list of the covariates adjusted for/matched on;;;Yes;TRUE;;
10.1016/j.clinthera.2019.09.012;31699438;results;2;;Number of covariates adjusted for/matched on;9;12;9;FALSE;;
10.1016/j.clinthera.2019.09.012;31699438;results;2;;Covariates adjusted for/matched on in the indirect comparison;;;Age, Sex, Disease severity/disease history (ie past conditions or symptoms directly related to the disease of interest, eg history of venous thromboembolism in sickle cell disease), Race/ethnicity, Performance score (ECOG PS, Karnofsky, Lansky, OMS, Ranson, ...), Past treatments for the disease of interest;TRUE;;
10.1016/j.clinthera.2019.09.012;31699438;results;2;;Primary outcome: treatment effect contrast;;;Rate difference;TRUE;;
10.1016/j.clinthera.2019.09.012;31699438;results;2;;Direction of the treatment effect contrast: IPD treatment is:;;;Numerator if ratio, or left side if difference;TRUE;;
10.1016/j.clinthera.2019.09.012;31699438;results;2;;Primary outcome: unadjusted treatment effect;;;46;TRUE;;
10.1016/j.clinthera.2019.09.012;31699438;results;2;;p-value for the unadjusted treatment effect (or 95 CI if pvalue is not provided, written as [X.XX-Y.YY]);;;<0.001;TRUE;;
10.1016/j.clinthera.2019.09.012;31699438;results;2;;Primary outcome: adjusted treatment effect;;;50.6;TRUE;;
10.1016/j.clinthera.2019.09.012;31699438;results;2;;"p-value for the adjusted treatment effect (or 95 CI if pvalue is not provided, written as [X.XX;Y.YY])";;;<0.001;TRUE;;
10.1016/j.clinthera.2019.09.012;31699438;results;3;;Sample size of the population of interest in the non IPD treatment arm;;;304;TRUE;;
10.1016/j.clinthera.2019.09.012;31699438;results;3;;Initial sample size of the population of interest in the IPD treatment arm;;;122;TRUE;;
10.1016/j.clinthera.2019.09.012;31699438;results;3;;"Sample size in the IPD treatment arm used in the indirect comparison, ie effective sample size after reweighting for MAIC; or sample size used in the regression model for STC";;;28;TRUE;;
10.1016/j.clinthera.2019.09.012;31699438;results;3;;Reporting of a weights' distribution evaluation (MAIC);;;Not mentioned;TRUE;;
10.1016/j.clinthera.2019.09.012;31699438;results;3;;Reporting of the list of the covariates adjusted for/matched on;Yes;No;Yes;FALSE;;
10.1016/j.clinthera.2019.09.012;31699438;results;3;;Number of covariates adjusted for/matched on;;;12;TRUE;;
10.1016/j.clinthera.2019.09.012;31699438;results;3;;Covariates adjusted for/matched on in the indirect comparison;Age, Sex, Disease severity/disease history (ie past conditions or symptoms directly related to the disease of interest, eg history of venous thromboembolism in sickle cell disease), Performance score (ECOG PS, Karnofsky, Lansky, OMS, Ranson, ...), Past treatments for the disease of interest;Age, Sex, Disease severity/disease history (ie past conditions or symptoms directly related to the disease of interest, eg history of venous thromboembolism in sickle cell disease), Race/ethnicity, Performance score (ECOG PS, Karnofsky, Lansky, OMS, Ranson, ...), Past treatments for the disease of interest;Age, Sex, Disease severity/disease history (ie past conditions or symptoms directly related to the disease of interest, eg history of venous thromboembolism in sickle cell disease), Performance score (ECOG PS, Karnofsky, Lansky, OMS, Ranson, ...), Past treatments for the disease of interest;FALSE;;
10.1016/j.clinthera.2019.09.012;31699438;results;3;;Primary outcome: treatment effect contrast;;;Rate difference;TRUE;;
10.1016/j.clinthera.2019.09.012;31699438;results;3;;Direction of the treatment effect contrast: IPD treatment is:;;;Numerator if ratio, or left side if difference;TRUE;;
10.1016/j.clinthera.2019.09.012;31699438;results;3;;Primary outcome: unadjusted treatment effect;;;39.7;TRUE;;
10.1016/j.clinthera.2019.09.012;31699438;results;3;;p-value for the unadjusted treatment effect (or 95 CI if pvalue is not provided, written as [X.XX-Y.YY]);;;<0.001;TRUE;;
10.1016/j.clinthera.2019.09.012;31699438;results;3;;Primary outcome: adjusted treatment effect;;;38.1;TRUE;;
10.1016/j.clinthera.2019.09.012;31699438;results;3;;"p-value for the adjusted treatment effect (or 95 CI if pvalue is not provided, written as [X.XX;Y.YY])";;;<0.001;TRUE;;
10.1016/j.clinthera.2019.09.012;31699438;results;4;;Sample size of the population of interest in the non IPD treatment arm;;;242;TRUE;;
10.1016/j.clinthera.2019.09.012;31699438;results;4;;Initial sample size of the population of interest in the IPD treatment arm;;;123;TRUE;;
10.1016/j.clinthera.2019.09.012;31699438;results;4;;"Sample size in the IPD treatment arm used in the indirect comparison, ie effective sample size after reweighting for MAIC; or sample size used in the regression model for STC";;;120;TRUE;;
10.1016/j.clinthera.2019.09.012;31699438;results;4;;Reporting of a weights' distribution evaluation (MAIC);;;Not mentioned;TRUE;;
10.1016/j.clinthera.2019.09.012;31699438;results;4;;Reporting of the list of the covariates adjusted for/matched on;;;Yes;TRUE;;
10.1016/j.clinthera.2019.09.012;31699438;results;4;;Number of covariates adjusted for/matched on;3;12;3;FALSE;;
10.1016/j.clinthera.2019.09.012;31699438;results;4;;Covariates adjusted for/matched on in the indirect comparison;Sex, Disease severity/disease history (ie past conditions or symptoms directly related to the disease of interest, eg history of venous thromboembolism in sickle cell disease), Performance score (ECOG PS, Karnofsky, Lansky, OMS, Ranson, ...);Age, Sex, Disease severity/disease history (ie past conditions or symptoms directly related to the disease of interest, eg history of venous thromboembolism in sickle cell disease), Race/ethnicity, Performance score (ECOG PS, Karnofsky, Lansky, OMS, Ranson, ...), Past treatments for the disease of interest;Sex, Disease severity/disease history (ie past conditions or symptoms directly related to the disease of interest, eg history of venous thromboembolism in sickle cell disease), Performance score (ECOG PS, Karnofsky, Lansky, OMS, Ranson, ...);FALSE;;
10.1016/j.clinthera.2019.09.012;31699438;results;4;;Primary outcome: treatment effect contrast;;;Rate difference;TRUE;;
10.1016/j.clinthera.2019.09.012;31699438;results;4;;Direction of the treatment effect contrast: IPD treatment is:;;;Numerator if ratio, or left side if difference;TRUE;;
10.1016/j.clinthera.2019.09.012;31699438;results;4;;Primary outcome: unadjusted treatment effect;;;40.9;TRUE;;
10.1016/j.clinthera.2019.09.012;31699438;results;4;;p-value for the unadjusted treatment effect (or 95 CI if pvalue is not provided, written as [X.XX-Y.YY]);;;<0.001;TRUE;;
10.1016/j.clinthera.2019.09.012;31699438;results;4;;Primary outcome: adjusted treatment effect;;;40.7;TRUE;;
10.1016/j.clinthera.2019.09.012;31699438;results;4;;"p-value for the adjusted treatment effect (or 95 CI if pvalue is not provided, written as [X.XX;Y.YY])";;;<0.001;TRUE;;
10.1016/j.clinthera.2019.09.012;31699438;results;5;;Sample size of the population of interest in the non IPD treatment arm;;;50;TRUE;;
10.1016/j.clinthera.2019.09.012;31699438;results;5;;Initial sample size of the population of interest in the IPD treatment arm;;;84;TRUE;;
10.1016/j.clinthera.2019.09.012;31699438;results;5;;"Sample size in the IPD treatment arm used in the indirect comparison, ie effective sample size after reweighting for MAIC; or sample size used in the regression model for STC";;;16;TRUE;;
10.1016/j.clinthera.2019.09.012;31699438;results;5;;Reporting of a weights' distribution evaluation (MAIC);;;Not mentioned;TRUE;;
10.1016/j.clinthera.2019.09.012;31699438;results;5;;Reporting of the list of the covariates adjusted for/matched on;;;Yes;TRUE;;
10.1016/j.clinthera.2019.09.012;31699438;results;5;;Number of covariates adjusted for/matched on;8;12;8;FALSE;;
10.1016/j.clinthera.2019.09.012;31699438;results;5;;Covariates adjusted for/matched on in the indirect comparison;Age, Sex, Disease severity/disease history (ie past conditions or symptoms directly related to the disease of interest, eg history of venous thromboembolism in sickle cell disease), Performance score (ECOG PS, Karnofsky, Lansky, OMS, Ranson, ...), Past treatments for the disease of interest;Age, Sex, Disease severity/disease history (ie past conditions or symptoms directly related to the disease of interest, eg history of venous thromboembolism in sickle cell disease), Race/ethnicity, Performance score (ECOG PS, Karnofsky, Lansky, OMS, Ranson, ...), Past treatments for the disease of interest;Age, Sex, Disease severity/disease history (ie past conditions or symptoms directly related to the disease of interest, eg history of venous thromboembolism in sickle cell disease), Performance score (ECOG PS, Karnofsky, Lansky, OMS, Ranson, ...), Past treatments for the disease of interest;FALSE;;
10.1016/j.clinthera.2019.09.012;31699438;results;5;;Primary outcome: treatment effect contrast;;;Rate difference;TRUE;;
10.1016/j.clinthera.2019.09.012;31699438;results;5;;Direction of the treatment effect contrast: IPD treatment is:;;;Numerator if ratio, or left side if difference;TRUE;;
10.1016/j.clinthera.2019.09.012;31699438;results;5;;Primary outcome: unadjusted treatment effect;;;-14.2;TRUE;;
10.1016/j.clinthera.2019.09.012;31699438;results;5;;p-value for the unadjusted treatment effect (or 95 CI if pvalue is not provided, written as [X.XX-Y.YY]);;;<0.05;TRUE;;
10.1016/j.clinthera.2019.09.012;31699438;results;5;;Primary outcome: adjusted treatment effect;;;-10.6;TRUE;;
10.1016/j.clinthera.2019.09.012;31699438;results;5;;"p-value for the adjusted treatment effect (or 95 CI if pvalue is not provided, written as [X.XX;Y.YY])";;;0.09;TRUE;;
10.1016/j.clinthera.2019.09.012;31699438;results;6;;Sample size of the population of interest in the non IPD treatment arm;145;45;45;FALSE;;
10.1016/j.clinthera.2019.09.012;31699438;results;6;;Initial sample size of the population of interest in the IPD treatment arm;;;121;TRUE;;
10.1016/j.clinthera.2019.09.012;31699438;results;6;;"Sample size in the IPD treatment arm used in the indirect comparison, ie effective sample size after reweighting for MAIC; or sample size used in the regression model for STC";;;56;TRUE;;
10.1016/j.clinthera.2019.09.012;31699438;results;6;;Reporting of a weights' distribution evaluation (MAIC);;;Not mentioned;TRUE;;
10.1016/j.clinthera.2019.09.012;31699438;results;6;;Reporting of the list of the covariates adjusted for/matched on;;;Yes;TRUE;;
10.1016/j.clinthera.2019.09.012;31699438;results;6;;Number of covariates adjusted for/matched on;5;12;5;FALSE;;
10.1016/j.clinthera.2019.09.012;31699438;results;6;;Covariates adjusted for/matched on in the indirect comparison;Age, Sex, Disease severity/disease history (ie past conditions or symptoms directly related to the disease of interest, eg history of venous thromboembolism in sickle cell disease);Age, Sex, Disease severity/disease history (ie past conditions or symptoms directly related to the disease of interest, eg history of venous thromboembolism in sickle cell disease), Race/ethnicity, Performance score (ECOG PS, Karnofsky, Lansky, OMS, Ranson, ...), Past treatments for the disease of interest;Age, Sex, Disease severity/disease history (ie past conditions or symptoms directly related to the disease of interest, eg history of venous thromboembolism in sickle cell disease);FALSE;;
10.1016/j.clinthera.2019.09.012;31699438;results;6;;Primary outcome: treatment effect contrast;;;Rate difference;TRUE;;
10.1016/j.clinthera.2019.09.012;31699438;results;6;;Direction of the treatment effect contrast: IPD treatment is:;;;Numerator if ratio, or left side if difference;TRUE;;
10.1016/j.clinthera.2019.09.012;31699438;results;6;;Primary outcome: unadjusted treatment effect;;;-7;TRUE;;
10.1016/j.clinthera.2019.09.012;31699438;results;6;;p-value for the unadjusted treatment effect (or 95 CI if pvalue is not provided, written as [X.XX-Y.YY]);;;0.31;TRUE;;
10.1016/j.clinthera.2019.09.012;31699438;results;6;;Primary outcome: adjusted treatment effect;;;-9.8;TRUE;;
10.1016/j.clinthera.2019.09.012;31699438;results;6;;"p-value for the adjusted treatment effect (or 95 CI if pvalue is not provided, written as [X.XX;Y.YY])";;;0.22;TRUE;;
10.1016/j.clinthera.2019.09.012;31699438;results;7;;Sample size of the population of interest in the non IPD treatment arm;;;44;TRUE;;
10.1016/j.clinthera.2019.09.012;31699438;results;7;;Initial sample size of the population of interest in the IPD treatment arm;124;93;93;FALSE;;
10.1016/j.clinthera.2019.09.012;31699438;results;7;;"Sample size in the IPD treatment arm used in the indirect comparison, ie effective sample size after reweighting for MAIC; or sample size used in the regression model for STC";;;64;TRUE;;
10.1016/j.clinthera.2019.09.012;31699438;results;7;;Reporting of a weights' distribution evaluation (MAIC);;;Not mentioned;TRUE;;
10.1016/j.clinthera.2019.09.012;31699438;results;7;;Reporting of the list of the covariates adjusted for/matched on;;;Yes;TRUE;;
10.1016/j.clinthera.2019.09.012;31699438;results;7;;Number of covariates adjusted for/matched on;7;12;7;FALSE;;
10.1016/j.clinthera.2019.09.012;31699438;results;7;;Covariates adjusted for/matched on in the indirect comparison;Age, Sex, Disease severity/disease history (ie past conditions or symptoms directly related to the disease of interest, eg history of venous thromboembolism in sickle cell disease), Past treatments for the disease of interest;Age, Sex, Disease severity/disease history (ie past conditions or symptoms directly related to the disease of interest, eg history of venous thromboembolism in sickle cell disease), Race/ethnicity, Performance score (ECOG PS, Karnofsky, Lansky, OMS, Ranson, ...), Past treatments for the disease of interest;Age, Sex, Disease severity/disease history (ie past conditions or symptoms directly related to the disease of interest, eg history of venous thromboembolism in sickle cell disease), Past treatments for the disease of interest;FALSE;;
10.1016/j.clinthera.2019.09.012;31699438;results;7;;Primary outcome: treatment effect contrast;;;Rate difference;TRUE;;
10.1016/j.clinthera.2019.09.012;31699438;results;7;;Direction of the treatment effect contrast: IPD treatment is:;;;Numerator if ratio, or left side if difference;TRUE;;
10.1016/j.clinthera.2019.09.012;31699438;results;7;;Primary outcome: unadjusted treatment effect;;;16.3;TRUE;;
10.1016/j.clinthera.2019.09.012;31699438;results;7;;p-value for the unadjusted treatment effect (or 95 CI if pvalue is not provided, written as [X.XX-Y.YY]);;;0.06;TRUE;;
10.1016/j.clinthera.2019.09.012;31699438;results;7;;Primary outcome: adjusted treatment effect;;;14.1;TRUE;;
10.1016/j.clinthera.2019.09.012;31699438;results;7;;"p-value for the adjusted treatment effect (or 95 CI if pvalue is not provided, written as [X.XX;Y.YY])";;;0.13;TRUE;;
