﻿doi;PMID;section;ITC num;Ind studies num;questions;reviewer 1;reviewer 2;decision;identical;Notes reviewer 1;Notes reviewer 2
10.2217/cer-2020-0280;33733815;general_information;;;Medical Condition of Interest Name;;;acute myeloid leukemia;TRUE;NA;NA
10.2217/cer-2020-0280;33733815;general_information;;;Countries of first author affiliations;;;canada;TRUE;;
10.2217/cer-2020-0280;33733815;general_information;;;Countries of last author affiliations;;;usa;TRUE;;
10.2217/cer-2020-0280;33733815;general_information;;;Positions of study investigators (for any authors of the article, any that applies);;;Pharmaceutical Industry, Private Data Analysis Company;TRUE;;
10.2217/cer-2020-0280;33733815;general_information;;;At least one author affiliated with a department of Biostatistics, Epidemiology, Public Health, Pharmacoepidemiology, or a Clinical Research unit, or private data analysis company;;;Yes;TRUE;;
10.2217/cer-2020-0280;33733815;general_information;;;Mentioned sources of funding;;;Pharmaceutical Industry;TRUE;;
10.2217/cer-2020-0280;33733815;general_information;;;Ties with pharmaceutical industry mentionned in competing interest/conflict of interest/disclaimer, or any equivalent section in the article;;;Yes;TRUE;;
10.2217/cer-2020-0280;33733815;general_information;;;Mention of a systematic review to find the studies to compare treatments of interest;;;No;TRUE;;
10.2217/cer-2020-0280;33733815;study_information;;1;Patient-level data used;;;Yes;TRUE;;
10.2217/cer-2020-0280;33733815;study_information;;1;Clinical Trial;;;Yes;TRUE;;
10.2217/cer-2020-0280;33733815;study_information;;1;NCT (only for clinical trial registered on clinicaltrials.gov);;;NCT01546038;TRUE;;
10.2217/cer-2020-0280;33733815;study_information;;1;Country where the clinical trial/observational study was conducted (international if more than one);;;international;TRUE;;
10.2217/cer-2020-0280;33733815;study_information;;1;Phase of the clinical trial (clinical trial only);;;2;TRUE;;
10.2217/cer-2020-0280;33733815;study_information;;1;Number of treatment arms (clinical trial only);;;2 or more;TRUE;;
10.2217/cer-2020-0280;33733815;study_information;;2;Patient-level data used;;;No;TRUE;;
10.2217/cer-2020-0280;33733815;study_information;;2;Clinical Trial;;;Yes;TRUE;;
10.2217/cer-2020-0280;33733815;study_information;;2;NCT (only for clinical trial registered on clinicaltrials.gov);;;NCT03069352;TRUE;;
10.2217/cer-2020-0280;33733815;study_information;;2;Country where the clinical trial/observational study was conducted (international if more than one);;;international;TRUE;;
10.2217/cer-2020-0280;33733815;study_information;;2;Phase of the clinical trial (clinical trial only);;;3;TRUE;;
10.2217/cer-2020-0280;33733815;study_information;;2;Number of treatment arms (clinical trial only);;;2 or more;TRUE;;
10.2217/cer-2020-0280;33733815;methodology;1;;Treatment name 1;glasdegib + low-dose cytarabine;glasdegib + low-dos ecytarabine;glasdegib + low-dose cytarabine;FALSE;NA;Full exponential model
10.2217/cer-2020-0280;33733815;methodology;1;;Study 'number(s)' for treatment 1;;;1;TRUE;;
10.2217/cer-2020-0280;33733815;methodology;1;;Treatment name 2;;;venetoclax + low-dose cytarabine;TRUE;;
10.2217/cer-2020-0280;33733815;methodology;1;;Study 'number(s)' for treatment 2;;;2;TRUE;;
10.2217/cer-2020-0280;33733815;methodology;1;;Type of population-adjusted indirect comparisons performed;;;STC;TRUE;;
10.2217/cer-2020-0280;33733815;methodology;1;;Anchored comparison?;;;Yes;TRUE;;
10.2217/cer-2020-0280;33733815;methodology;1;;Form of the indirect comparison;;;Simple (ie treatments effects extracted from two studies);TRUE;;
10.2217/cer-2020-0280;33733815;methodology;1;;Definition of a single primary outcome for the indirect comparison;;;No primary outcome defined, or multiple primary outcomes without any clear distinction between them;TRUE;;
10.2217/cer-2020-0280;33733815;methodology;1;;Primary Outcome Name (first one mentioned in the text of the results part if no primary outcome defined);;;overall survival;TRUE;;
10.2217/cer-2020-0280;33733815;methodology;1;;Primary outcome: variable type;;;Time-to-event;TRUE;;
10.2217/cer-2020-0280;33733815;methodology;1;;Justification for selecting variables to be included in the adjustment model (in the main text);Statistical imbalanced between treatment groups (independently of the status of prognostic/effect modifier), Literature based (clinically or methodologically relevant to adjust on these variables based on the literature search conducted for this specific purpose);Literature based (clinically or methodologically relevant to adjust on these variables based on the literature search conducted for this specific purpose);Statistical imbalanced between treatment groups (independently of the status of prognostic/effect modifier), Literature based (clinically or methodologically relevant to adjust on these variables based on the literature search conducted for this specific purpose);FALSE;;
10.2217/cer-2020-0280;33733815;methodology;1;;Inclusion of prognostic factors in the adjustment/matching model;;;Yes;TRUE;;
10.2217/cer-2020-0280;33733815;methodology;1;;Inclusion of treatment-effect modifiers in the adjustment/matching model;;;Yes;TRUE;;
10.2217/cer-2020-0280;33733815;methodology;1;;Discussion of the choice of the scale for the outcome in the main text (ie natural outcome scale vs transformed outcome scale);Yes;No;Yes;FALSE;;
10.2217/cer-2020-0280;33733815;methodology;1;;Mention of the MAIC weights estimation model / STC adjustment model details in the main text **or supplemental materials** (ie matching on first moment, second moment, including interaction term, etc);;Yes;Yes;FALSE;;
10.2217/cer-2020-0280;33733815;results;1;;Sample size of the population of interest in the non IPD treatment arm;;;143;TRUE;;
10.2217/cer-2020-0280;33733815;results;1;;If anchored comparison, sample size of the population of interest in the non IPD treatment anchor arm;;;68;TRUE;;
10.2217/cer-2020-0280;33733815;results;1;;Initial sample size of the population of interest in the IPD treatment arm;;;78;TRUE;;
10.2217/cer-2020-0280;33733815;results;1;;"Sample size in the IPD treatment arm used in the indirect comparison, ie effective sample size after reweighting for MAIC; or sample size used in the regression model for STC";;;78;TRUE;;
10.2217/cer-2020-0280;33733815;results;1;;If anchored comparison, initial sample size of the population of interest in the IPD anchor arm;;;38;TRUE;;
10.2217/cer-2020-0280;33733815;results;1;;"If anchored comparison, effective sample size after reweighting for MAIC; or sample size used in the regression model for STC in the IPD anchor arm";;;38;TRUE;;
10.2217/cer-2020-0280;33733815;results;1;;Reporting of the list of the covariates adjusted for/matched on;;;Yes;TRUE;;
10.2217/cer-2020-0280;33733815;results;1;;Number of covariates adjusted for/matched on;;;6;TRUE;;
10.2217/cer-2020-0280;33733815;results;1;;Covariates adjusted for/matched on in the indirect comparison;;;Age, Sex, Disease severity/disease history (ie past conditions or symptoms directly related to the disease of interest, eg history of venous thromboembolism in sickle cell disease), Performance score (ECOG PS, Karnofsky, Lansky, OMS, Ranson, ...);TRUE;;
10.2217/cer-2020-0280;33733815;results;1;;Primary outcome: treatment effect contrast;;;HR;TRUE;;
10.2217/cer-2020-0280;33733815;results;1;;Direction of the treatment effect contrast: IPD treatment is:;;;Numerator if ratio, or left side if difference;TRUE;;
10.2217/cer-2020-0280;33733815;results;1;;Primary outcome: unadjusted treatment effect;;;0.66;TRUE;;
10.2217/cer-2020-0280;33733815;results;1;;p-value for the unadjusted treatment effect (or 95 CI if pvalue is not provided, written as [X.XX-Y.YY]);;;"[0.38;1.15]";TRUE;;
10.2217/cer-2020-0280;33733815;results;1;;Primary outcome: adjusted treatment effect;;;0.56;TRUE;;
10.2217/cer-2020-0280;33733815;results;1;;"p-value for the adjusted treatment effect (or 95 CI if pvalue is not provided, written as [X.XX;Y.YY])";;;"[0.24;1.32]";TRUE;;
