doi;PMID;section;ITC num;Ind studies num;questions;reviewer 1;reviewer 2;decision;identical;Notes reviewer 1;Notes reviewer 2
10.1080/03007995.2022.2030112;35042448;general_information;;;Medical Condition of Interest Name;uncontrolled hypertension;hypertension suboptimally controlled by amlodipine 5 mg monotherapy;XXXX;FALSE;NA;NA
10.1080/03007995.2022.2030112;35042448;general_information;;;Countries of first author affiliations;;;germany;TRUE;;
10.1080/03007995.2022.2030112;35042448;general_information;;;Countries of last author affiliations;;;germany;TRUE;;
10.1080/03007995.2022.2030112;35042448;general_information;;;Positions of study investigators (for any authors of the article, any that applies);;;Pharmaceutical Industry;TRUE;;
10.1080/03007995.2022.2030112;35042448;general_information;;;At least one author affiliated with a department of Biostatistics, Epidemiology, Public Health, Pharmacoepidemiology, or a Clinical Research unit, or private data analysis company;;;Yes;TRUE;;
10.1080/03007995.2022.2030112;35042448;general_information;;;Mentioned sources of funding;;;Pharmaceutical Industry;TRUE;;
10.1080/03007995.2022.2030112;35042448;general_information;;;Ties with pharmaceutical industry mentionned in competing interest/conflict of interest/disclaimer, or any equivalent section in the article;;;Yes;TRUE;;
10.1080/03007995.2022.2030112;35042448;general_information;;;Mention of a systematic review to find the studies to compare treatments of interest;;;Yes;TRUE;;
10.1080/03007995.2022.2030112;35042448;study_information;;1;Patient-level data used;;;Yes;TRUE;;
10.1080/03007995.2022.2030112;35042448;study_information;;1;Clinical Trial;;;Yes;TRUE;;
10.1080/03007995.2022.2030112;35042448;study_information;;1;EudraCT (only for clinical trials registered on clinicaltrialsregister.eu;;;2019-000751-13;TRUE;;
10.1080/03007995.2022.2030112;35042448;study_information;;1;Country where the clinical trial/observational study was conducted (international if more than one);;;poland;TRUE;;
10.1080/03007995.2022.2030112;35042448;study_information;;1;Phase of the clinical trial (clinical trial only);;;3;TRUE;;
10.1080/03007995.2022.2030112;35042448;study_information;;1;Number of treatment arms (clinical trial only);;;2 or more;TRUE;;
10.1080/03007995.2022.2030112;35042448;study_information;;2;Patient-level data used;;;No;TRUE;;
10.1080/03007995.2022.2030112;35042448;study_information;;2;Clinical Trial;;;Yes;TRUE;;
10.1080/03007995.2022.2030112;35042448;study_information;;2;NCT (only for clinical trial registered on clinicaltrials.gov);;;NCT00558428;TRUE;;
10.1080/03007995.2022.2030112;35042448;study_information;;2;Country where the clinical trial/observational study was conducted (international if more than one);;;international;TRUE;;
10.1080/03007995.2022.2030112;35042448;study_information;;2;Phase of the clinical trial (clinical trial only);;;3;TRUE;;
10.1080/03007995.2022.2030112;35042448;study_information;;2;Number of treatment arms (clinical trial only);;;2 or more;TRUE;;
10.1080/03007995.2022.2030112;35042448;methodology;1;;Treatment name 1;amlodipine + bisoprolol;amlodipine 5 mg + bisoprolol 5 mg;amlodipine 5 mg + bisoprolol 5 mg;FALSE;"Results of the RCT with individual data not published yet: 2019-000751-13
Explicitely mention that the target population analysis is the one from the other study
Explicitely mention that only effect modifiers and prognostic variables have been integrated 
Explicitely distinguish between effect modifiers and prognostic variables
Doesn't describe CI for unadjusted estimate, although it is calculable from the data";"Smoking history = Others
Concomitant diabetes = comordbidity"
10.1080/03007995.2022.2030112;35042448;methodology;1;;Study 'number(s)' for treatment 1;;;1;TRUE;;
10.1080/03007995.2022.2030112;35042448;methodology;1;;Treatment name 2;amlodipine;amlodipine 10mg,;amlodipine 10mg,;FALSE;;
10.1080/03007995.2022.2030112;35042448;methodology;1;;Study 'number(s)' for treatment 2;;;2;TRUE;;
10.1080/03007995.2022.2030112;35042448;methodology;1;;Type of population-adjusted indirect comparisons performed;;;STC;TRUE;;
10.1080/03007995.2022.2030112;35042448;methodology;1;;Anchored comparison?;;;Yes;TRUE;;
10.1080/03007995.2022.2030112;35042448;methodology;1;;Form of the indirect comparison;;;Simple (ie treatments effects extracted from two studies);TRUE;;
10.1080/03007995.2022.2030112;35042448;methodology;1;;Definition of a single primary outcome for the indirect comparison;;;No primary outcome defined, or multiple primary outcomes without any clear distinction between them;TRUE;;
10.1080/03007995.2022.2030112;35042448;methodology;1;;Primary Outcome Name (first one mentioned in the text of the results part if no primary outcome defined);change in systolic blood pressure at 8 week;change in systolic blood pressures from baseline to following 8 weeks of treatment;change in systolic blood pressures from baseline to following 8 weeks of treatment;FALSE;;
10.1080/03007995.2022.2030112;35042448;methodology;1;;Primary outcome: variable type;;;Continuous (count, mean, ...);TRUE;;
10.1080/03007995.2022.2030112;35042448;methodology;1;;Justification for selecting variables to be included in the adjustment model (in the main text);;;Literature based (clinically or methodologically relevant to adjust on these variables based on the literature search conducted for this specific purpose);TRUE;;
10.1080/03007995.2022.2030112;35042448;methodology;1;;Inclusion of prognostic factors in the adjustment/matching model;;;Yes;TRUE;;
10.1080/03007995.2022.2030112;35042448;methodology;1;;Inclusion of treatment-effect modifiers in the adjustment/matching model;;;Yes;TRUE;;
10.1080/03007995.2022.2030112;35042448;methodology;1;;Mention of the MAIC weights estimation model / STC adjustment model details in the main text **or supplemental materials** (ie matching on first moment, second moment, including interaction term, etc);;;No;TRUE;;
10.1080/03007995.2022.2030112;35042448;methodology;1;;Discussion of the choice of the scale for the outcome in the main text (ie natural outcome scale vs transformed outcome scale);;;No;TRUE;;
10.1080/03007995.2022.2030112;35042448;results;1;;Sample size of the population of interest in the non IPD treatment arm;;;261;TRUE;;
10.1080/03007995.2022.2030112;35042448;results;1;;If anchored comparison, sample size of the population of interest in the non IPD treatment anchor arm;;;255;TRUE;;
10.1080/03007995.2022.2030112;35042448;results;1;;Initial sample size of the population of interest in the IPD treatment arm;;;178;TRUE;;
10.1080/03007995.2022.2030112;35042448;results;1;;"Sample size in the IPD treatment arm used in the indirect comparison, ie effective sample size after reweighting for MAIC; or sample size used in the regression model for STC";;;178;TRUE;;
10.1080/03007995.2022.2030112;35042448;results;1;;If anchored comparison, initial sample size of the population of interest in the IPD anchor arm;;;179;TRUE;;
10.1080/03007995.2022.2030112;35042448;results;1;;"If anchored comparison, effective sample size after reweighting for MAIC; or sample size used in the regression model for STC in the IPD anchor arm";;;179;TRUE;;
10.1080/03007995.2022.2030112;35042448;results;1;;Reporting of the list of the covariates adjusted for/matched on;;;Yes;TRUE;;
10.1080/03007995.2022.2030112;35042448;results;1;;Number of covariates adjusted for/matched on;;;7;TRUE;;
10.1080/03007995.2022.2030112;35042448;results;1;;Covariates adjusted for/matched on in the indirect comparison;;;Age, Sex, Disease severity/disease history (ie past conditions or symptoms directly related to the disease of interest, eg history of venous thromboembolism in sickle cell disease), Comorbidities and medical history (beside pathology/disease of interest in the comparison), Other(s);TRUE;;
10.1080/03007995.2022.2030112;35042448;results;1;;Primary outcome: treatment effect contrast;;;Means difference;TRUE;;
10.1080/03007995.2022.2030112;35042448;results;1;;Direction of the treatment effect contrast: IPD treatment is:;;;Numerator if ratio, or left side if difference;TRUE;;
10.1080/03007995.2022.2030112;35042448;results;1;;Primary outcome: unadjusted treatment effect;;;-0.3;TRUE;;
10.1080/03007995.2022.2030112;35042448;results;1;;Primary outcome: adjusted treatment effect;;;-1.6;TRUE;;
10.1080/03007995.2022.2030112;35042448;results;1;;"p-value for the adjusted treatment effect (or 95 CI if pvalue is not provided, written as [X.XX;Y.YY])";"[-5.3;2.2]";[-5.3-2.2];"[-5.3;2.2]";FALSE;;
10.1080/03007995.2022.2030112;35042448;results;1;;Reporting of a weights' distribution evaluation (MAIC);;Not mentioned;;FALSE;;
