doi;PMID;section;ITC num;Ind studies num;questions;reviewer 1;reviewer 2;decision;identical;Notes reviewer 1;Notes reviewer 2
10.2217/fon-2021-1102;35232230;general_information;;;Medical Condition of Interest Name;;;ros1-positive non-small-cell lung cancer;TRUE;NA;NA
10.2217/fon-2021-1102;35232230;general_information;;;Countries of first author affiliations;;;usa;TRUE;;
10.2217/fon-2021-1102;35232230;general_information;;;Countries of last author affiliations;;;usa;TRUE;;
10.2217/fon-2021-1102;35232230;general_information;;;Positions of study investigators (for any authors of the article, any that applies);Academic, Private Data Analysis Company, Pharmaceutical Industry;Academic, Pharmaceutical Industry, Private Data Analysis Company;XXXX;FALSE;;
10.2217/fon-2021-1102;35232230;general_information;;;At least one author affiliated with a department of Biostatistics, Epidemiology, Public Health, Pharmacoepidemiology, or a Clinical Research unit, or private data analysis company;;;Yes;TRUE;;
10.2217/fon-2021-1102;35232230;general_information;;;Mentioned sources of funding;;;Pharmaceutical Industry;TRUE;;
10.2217/fon-2021-1102;35232230;general_information;;;Ties with pharmaceutical industry mentionned in competing interest/conflict of interest/disclaimer, or any equivalent section in the article;;;Yes;TRUE;;
10.2217/fon-2021-1102;35232230;general_information;;;Mention of a systematic review to find the studies to compare treatments of interest;;;No;TRUE;;
10.2217/fon-2021-1102;35232230;study_information;;1;Patient-level data used;;;Yes;TRUE;;
10.2217/fon-2021-1102;35232230;study_information;;1;Clinical Trial;;;Yes;TRUE;;
10.2217/fon-2021-1102;35232230;study_information;;1;NCT (only for clinical trial registered on clinicaltrials.gov);;;NCT00585195;TRUE;;
10.2217/fon-2021-1102;35232230;study_information;;1;Country where the clinical trial/observational study was conducted (international if more than one);;;international;TRUE;;
10.2217/fon-2021-1102;35232230;study_information;;1;Phase of the clinical trial (clinical trial only);;;1;TRUE;;
10.2217/fon-2021-1102;35232230;study_information;;1;Number of treatment arms (clinical trial only);;;1;TRUE;;
10.2217/fon-2021-1102;35232230;study_information;;2;Patient-level data used;;;No;TRUE;;
10.2217/fon-2021-1102;35232230;study_information;;2;Clinical Trial;;;Yes;TRUE;;
10.2217/fon-2021-1102;35232230;study_information;;2;EudraCT (only for clinical trials registered on clinicaltrialsregister.eu;;;2012-000148-88;TRUE;;
10.2217/fon-2021-1102;35232230;study_information;;2;Country where the clinical trial/observational study was conducted (international if more than one);international;italy;XXXX;FALSE;;
10.2217/fon-2021-1102;35232230;study_information;;2;Phase of the clinical trial (clinical trial only);;;1;TRUE;;
10.2217/fon-2021-1102;35232230;study_information;;2;Number of treatment arms (clinical trial only);;;1;TRUE;;
10.2217/fon-2021-1102;35232230;study_information;;3;Patient-level data used;No;Yes;XXXX;FALSE;;
10.2217/fon-2021-1102;35232230;study_information;;3;Clinical Trial;;;Yes;TRUE;;
10.2217/fon-2021-1102;35232230;study_information;;3;NCT (only for clinical trial registered on clinicaltrials.gov);;;NCT02097810;TRUE;;
10.2217/fon-2021-1102;35232230;study_information;;3;Country where the clinical trial/observational study was conducted (international if more than one);;;international;TRUE;;
10.2217/fon-2021-1102;35232230;study_information;;3;Phase of the clinical trial (clinical trial only);1, 2;1;XXXX;FALSE;;
10.2217/fon-2021-1102;35232230;study_information;;3;Number of treatment arms (clinical trial only);;;1;TRUE;;
10.2217/fon-2021-1102;35232230;study_information;;4;Patient-level data used;;;No;TRUE;;
10.2217/fon-2021-1102;35232230;study_information;;4;Clinical Trial;;;Yes;TRUE;;
10.2217/fon-2021-1102;35232230;study_information;;4;NCT (only for clinical trial registered on clinicaltrials.gov);NCT02568267;;NCT02568267;FALSE;;
10.2217/fon-2021-1102;35232230;study_information;;4;Country where the clinical trial/observational study was conducted (international if more than one);;;international;TRUE;;
10.2217/fon-2021-1102;35232230;study_information;;4;Phase of the clinical trial (clinical trial only);;;2;TRUE;;
10.2217/fon-2021-1102;35232230;study_information;;4;Number of treatment arms (clinical trial only);;;1;TRUE;;
10.2217/fon-2021-1102;35232230;study_information;;5;Patient-level data used;;No;XXXX;FALSE;;
10.2217/fon-2021-1102;35232230;study_information;;5;Clinical Trial;;No;XXXX;FALSE;;
10.2217/fon-2021-1102;35232230;study_information;;5;Data source name (only if observational study or clinical trial without NCT);;flatiron health;flatiron health;FALSE;;
10.2217/fon-2021-1102;35232230;study_information;;5;Country where the clinical trial/observational study was conducted (international if more than one);;usa;XXXX;FALSE;;
10.2217/fon-2021-1102;35232230;study_information;;6;Patient-level data used;;;No;TRUE;;
10.2217/fon-2021-1102;35232230;study_information;;6;Clinical Trial;;;No;TRUE;;
10.2217/fon-2021-1102;35232230;study_information;;6;Data source name (only if observational study or clinical trial without NCT);;;ontada (oncology insights & technology);TRUE;;
10.2217/fon-2021-1102;35232230;study_information;;6;Country where the clinical trial/observational study was conducted (international if more than one);;;usa;TRUE;;
10.2217/fon-2021-1102;35232230;methodology;1;;Treatment name 1;;;crizotinib;TRUE;"Do an intersting secondary STC of clinical trials versus real world data

Ongoing clinical trial not published yet doing the same comparison as they do, so could be interesting to look at the actual result of this trial

Adding questions about EudraCT

Evaluates the imbalance in known prognostic factors and effect modifiers

Question about the distinction of prognostic factors and effect modifiers

Maybe reformulate in: 
        - Status of prognostic factors/effect modifiers
        - 

Reformulate 'study number' to 'study numbers'?

New questions to add: 
**
Justification for the need of a population adjusted indirect comparison: 
        - Presence of imbalance in effect modifiers between studies?
**

        - Mention imbalance in effect modifiers to justify population adjusted comparison
        - List the effect modifiers used to adjust the analysis
        - List the prognostic factors used to adjust the analysis


";Smoking status = other
10.2217/fon-2021-1102;35232230;methodology;1;;Study 'number(s)' for treatment 1;;;1;TRUE;;
10.2217/fon-2021-1102;35232230;methodology;1;;Treatment name 2;;;entrectinib;TRUE;;
10.2217/fon-2021-1102;35232230;methodology;1;;Study 'number(s)' for treatment 2;;;"2;3;4";TRUE;;
10.2217/fon-2021-1102;35232230;methodology;1;;Type of population-adjusted indirect comparisons performed;;;STC;TRUE;;
10.2217/fon-2021-1102;35232230;methodology;1;;Anchored comparison?;;;No;TRUE;;
10.2217/fon-2021-1102;35232230;methodology;1;;Form of the indirect comparison;;;Aggregation of multiple studies to estimate individual treatment effects (e.g. meta-analysis in a first step to estimate treatment A effect, then population adjusted indirect comparison using treatment A effect estimate);TRUE;;
10.2217/fon-2021-1102;35232230;methodology;1;;Definition of a single primary outcome for the indirect comparison;;;No primary outcome defined, or multiple primary outcomes without any clear distinction between them;TRUE;;
10.2217/fon-2021-1102;35232230;methodology;1;;Primary Outcome Name (first one mentioned in the text of the results part if no primary outcome defined);overall response rate;objective response rate (orr);objective response rate (orr);FALSE;;
10.2217/fon-2021-1102;35232230;methodology;1;;Primary outcome: variable type;;;Binary (eg rates);TRUE;;
10.2217/fon-2021-1102;35232230;methodology;1;;Justification for selecting variables to be included in the adjustment model (in the main text);A priori expert-knowledge (clinically or methodologically relevant to adjust on these variables based on experts/clinicians opinion);Statistical imbalanced between treatment groups (independently of the status of prognostic/effect modifier), A priori expert-knowledge (clinically or methodologically relevant to adjust on these variables based on experts/clinicians opinion);Statistical imbalanced between treatment groups (independently of the status of prognostic/effect modifier), A priori expert-knowledge (clinically or methodologically relevant to adjust on these variables based on experts/clinicians opinion);FALSE;;
10.2217/fon-2021-1102;35232230;methodology;1;;Inclusion of prognostic factors in the adjustment/matching model;No discussion (in the main text) of the status of prognostic factors of the variables;Yes;Yes;FALSE;;
10.2217/fon-2021-1102;35232230;methodology;1;;Inclusion of treatment-effect modifiers in the adjustment/matching model;No discussion (in the main text) of the status of treatment-effect modifiers of the variables;Yes;Yes;FALSE;;
10.2217/fon-2021-1102;35232230;methodology;1;;Mention of the MAIC weights estimation model / STC adjustment model details in the main text **or supplemental materials** (ie matching on first moment, second moment, including interaction term, etc);;;No;TRUE;;
10.2217/fon-2021-1102;35232230;methodology;1;;Discussion of the choice of the scale for the outcome in the main text (ie natural outcome scale vs transformed outcome scale);;;No;TRUE;;
10.2217/fon-2021-1102;35232230;methodology;2;;Treatment name 1;;;crizotinib;TRUE;NA;Smoking status = other
10.2217/fon-2021-1102;35232230;methodology;2;;Study 'number(s)' for treatment 1;;;1;TRUE;;
10.2217/fon-2021-1102;35232230;methodology;2;;Treatment name 2;;;crizotinib;TRUE;;
10.2217/fon-2021-1102;35232230;methodology;2;;Study 'number(s)' for treatment 2;;;5;TRUE;;
10.2217/fon-2021-1102;35232230;methodology;2;;Type of population-adjusted indirect comparisons performed;;;STC;TRUE;;
10.2217/fon-2021-1102;35232230;methodology;2;;Anchored comparison?;;;No;TRUE;;
10.2217/fon-2021-1102;35232230;methodology;2;;Form of the indirect comparison;;;Simple (ie treatments effects extracted from two studies);TRUE;;
10.2217/fon-2021-1102;35232230;methodology;2;;Definition of a single primary outcome for the indirect comparison;;;No primary outcome defined, or multiple primary outcomes without any clear distinction between them;TRUE;;
10.2217/fon-2021-1102;35232230;methodology;2;;Primary Outcome Name (first one mentioned in the text of the results part if no primary outcome defined);progression free survival;progression-free survival;progression-free survival;FALSE;;
10.2217/fon-2021-1102;35232230;methodology;2;;Primary outcome: variable type;;;Time-to-event;TRUE;;
10.2217/fon-2021-1102;35232230;methodology;2;;Justification for selecting variables to be included in the adjustment model (in the main text);Literature based (clinically or methodologically relevant to adjust on these variables based on the literature search conducted for this specific purpose);Statistical imbalanced between treatment groups (independently of the status of prognostic/effect modifier), A priori expert-knowledge (clinically or methodologically relevant to adjust on these variables based on experts/clinicians opinion);Statistical imbalanced between treatment groups (independently of the status of prognostic/effect modifier), A priori expert-knowledge (clinically or methodologically relevant to adjust on these variables based on experts/clinicians opinion);FALSE;;
10.2217/fon-2021-1102;35232230;methodology;2;;Inclusion of prognostic factors in the adjustment/matching model;;;Yes;TRUE;;
10.2217/fon-2021-1102;35232230;methodology;2;;Inclusion of treatment-effect modifiers in the adjustment/matching model;;;Yes;TRUE;;
10.2217/fon-2021-1102;35232230;methodology;2;;Mention of the MAIC weights estimation model / STC adjustment model details in the main text **or supplemental materials** (ie matching on first moment, second moment, including interaction term, etc);;;No;TRUE;;
10.2217/fon-2021-1102;35232230;methodology;2;;Discussion of the choice of the scale for the outcome in the main text (ie natural outcome scale vs transformed outcome scale);;;No;TRUE;;
10.2217/fon-2021-1102;35232230;methodology;3;;Treatment name 1;;;crizotinib;TRUE;NA;Smoking status = other
10.2217/fon-2021-1102;35232230;methodology;3;;Study 'number(s)' for treatment 1;;;1;TRUE;;
10.2217/fon-2021-1102;35232230;methodology;3;;Treatment name 2;;;crizotinib;TRUE;;
10.2217/fon-2021-1102;35232230;methodology;3;;Study 'number(s)' for treatment 2;;;6;TRUE;;
10.2217/fon-2021-1102;35232230;methodology;3;;Type of population-adjusted indirect comparisons performed;;;STC;TRUE;;
10.2217/fon-2021-1102;35232230;methodology;3;;Anchored comparison?;;;No;TRUE;;
10.2217/fon-2021-1102;35232230;methodology;3;;Form of the indirect comparison;;;Simple (ie treatments effects extracted from two studies);TRUE;;
10.2217/fon-2021-1102;35232230;methodology;3;;Definition of a single primary outcome for the indirect comparison;;;Yes;TRUE;;
10.2217/fon-2021-1102;35232230;methodology;3;;Primary Outcome Name (first one mentioned in the text of the results part if no primary outcome defined);;;overall survival;TRUE;;
10.2217/fon-2021-1102;35232230;methodology;3;;Primary outcome: variable type;;;Time-to-event;TRUE;;
10.2217/fon-2021-1102;35232230;methodology;3;;Justification for selecting variables to be included in the adjustment model (in the main text);Literature based (clinically or methodologically relevant to adjust on these variables based on the literature search conducted for this specific purpose);Statistical imbalanced between treatment groups (independently of the status of prognostic/effect modifier), A priori expert-knowledge (clinically or methodologically relevant to adjust on these variables based on experts/clinicians opinion);Statistical imbalanced between treatment groups (independently of the status of prognostic/effect modifier), A priori expert-knowledge (clinically or methodologically relevant to adjust on these variables based on experts/clinicians opinion);FALSE;;
10.2217/fon-2021-1102;35232230;methodology;3;;Inclusion of prognostic factors in the adjustment/matching model;;;Yes;TRUE;;
10.2217/fon-2021-1102;35232230;methodology;3;;Inclusion of treatment-effect modifiers in the adjustment/matching model;;;Yes;TRUE;;
10.2217/fon-2021-1102;35232230;methodology;3;;Discussion of the choice of the scale for the outcome in the main text (ie natural outcome scale vs transformed outcome scale);;;No;TRUE;;
10.2217/fon-2021-1102;35232230;methodology;3;;Mention of the MAIC weights estimation model / STC adjustment model details in the main text **or supplemental materials** (ie matching on first moment, second moment, including interaction term, etc);;No;No;FALSE;;
10.2217/fon-2021-1102;35232230;results;1;;Sample size of the population of interest in the non IPD treatment arm;;;161;TRUE;;
10.2217/fon-2021-1102;35232230;results;1;;Initial sample size of the population of interest in the IPD treatment arm;;;53;TRUE;;
10.2217/fon-2021-1102;35232230;results;1;;"Sample size in the IPD treatment arm used in the indirect comparison, ie effective sample size after reweighting for MAIC; or sample size used in the regression model for STC";;;53;TRUE;;
10.2217/fon-2021-1102;35232230;results;1;;Reporting of the list of the covariates adjusted for/matched on;;;Yes;TRUE;;
10.2217/fon-2021-1102;35232230;results;1;;Number of covariates adjusted for/matched on;;;4;TRUE;;
10.2217/fon-2021-1102;35232230;results;1;;Covariates adjusted for/matched on in the indirect comparison;Age, Sex, Comorbidities and medical history (beside pathology/disease of interest in the comparison), Performance score (ECOG PS, Karnofsky, Lansky, OMS, Ranson, ...);Age, Sex, Performance score (ECOG PS, Karnofsky, Lansky, OMS, Ranson, ...), Other(s);Age, Sex, Comorbidities and medical history (beside pathology/disease of interest in the comparison), Performance score (ECOG PS, Karnofsky, Lansky, OMS, Ranson, ...);FALSE;;
10.2217/fon-2021-1102;35232230;results;1;;Primary outcome: treatment effect contrast;;;RR;TRUE;;
10.2217/fon-2021-1102;35232230;results;1;;Direction of the treatment effect contrast: IPD treatment is:;;;Numerator if ratio, or left side if difference;TRUE;;
10.2217/fon-2021-1102;35232230;results;1;;Primary outcome: unadjusted treatment effect;;;1.07;TRUE;;
10.2217/fon-2021-1102;35232230;results;1;;p-value for the unadjusted treatment effect (or 95 CI if pvalue is not provided, written as [X.XX-Y.YY]);"[0.88;1.31]";[0.88�1.31];"[0.88;1.31]";FALSE;;
10.2217/fon-2021-1102;35232230;results;1;;Primary outcome: adjusted treatment effect;;;1.04;TRUE;;
10.2217/fon-2021-1102;35232230;results;1;;"p-value for the adjusted treatment effect (or 95 CI if pvalue is not provided, written as [X.XX;Y.YY])";"[0.85;1.28]";[0.85�1.28];"[0.85;1.28]";FALSE;;
10.2217/fon-2021-1102;35232230;results;2;;Sample size of the population of interest in the non IPD treatment arm;;;69;TRUE;;
10.2217/fon-2021-1102;35232230;results;2;;Initial sample size of the population of interest in the IPD treatment arm;;;53;TRUE;;
10.2217/fon-2021-1102;35232230;results;2;;"Sample size in the IPD treatment arm used in the indirect comparison, ie effective sample size after reweighting for MAIC; or sample size used in the regression model for STC";;;53;TRUE;;
10.2217/fon-2021-1102;35232230;results;2;;Reporting of the list of the covariates adjusted for/matched on;;;Yes;TRUE;;
10.2217/fon-2021-1102;35232230;results;2;;Number of covariates adjusted for/matched on;;;2;TRUE;;
10.2217/fon-2021-1102;35232230;results;2;;Covariates adjusted for/matched on in the indirect comparison;Other(s), Performance score (ECOG PS, Karnofsky, Lansky, OMS, Ranson, ...);Performance score (ECOG PS, Karnofsky, Lansky, OMS, Ranson, ...), Other(s);Performance score (ECOG PS, Karnofsky, Lansky, OMS, Ranson, ...), Other(s);FALSE;;
10.2217/fon-2021-1102;35232230;results;2;;Primary outcome: treatment effect contrast;Median difference;Means difference;Median difference;FALSE;;
10.2217/fon-2021-1102;35232230;results;2;;Direction of the treatment effect contrast: IPD treatment is:;;;Numerator if ratio, or left side if difference;TRUE;;
10.2217/fon-2021-1102;35232230;results;2;;Primary outcome: unadjusted treatment effect;;;10.8;TRUE;;
10.2217/fon-2021-1102;35232230;results;2;;Primary outcome: adjusted treatment effect;;;8.3;TRUE;;
10.2217/fon-2021-1102;35232230;results;2;;"p-value for the adjusted treatment effect (or 95 CI if pvalue is not provided, written as [X.XX;Y.YY])";"0.26;16.94";"[0.26;16.94]";"[0.26;16.94]";FALSE;;
10.2217/fon-2021-1102;35232230;results;3;;Sample size of the population of interest in the non IPD treatment arm;;;38;TRUE;;
10.2217/fon-2021-1102;35232230;results;3;;Initial sample size of the population of interest in the IPD treatment arm;;;53;TRUE;;
10.2217/fon-2021-1102;35232230;results;3;;"Sample size in the IPD treatment arm used in the indirect comparison, ie effective sample size after reweighting for MAIC; or sample size used in the regression model for STC";;;53;TRUE;;
10.2217/fon-2021-1102;35232230;results;3;;Reporting of the list of the covariates adjusted for/matched on;;;Yes;TRUE;;
10.2217/fon-2021-1102;35232230;results;3;;Number of covariates adjusted for/matched on;;;4;TRUE;;
10.2217/fon-2021-1102;35232230;results;3;;Covariates adjusted for/matched on in the indirect comparison;Age, Sex, Past treatments for the disease of interest, Other(s);Age, Sex, Performance score (ECOG PS, Karnofsky, Lansky, OMS, Ranson, ...), Other(s);Age, Sex, Performance score (ECOG PS, Karnofsky, Lansky, OMS, Ranson, ...), Comorbidities and medical history (beside pathology/disease of interest in the comparison);FALSE;;
10.2217/fon-2021-1102;35232230;results;3;;Primary outcome: treatment effect contrast;Median difference;Means difference;;FALSE;;
10.2217/fon-2021-1102;35232230;results;3;;Direction of the treatment effect contrast: IPD treatment is:;;;Numerator if ratio, or left side if difference;TRUE;;
10.2217/fon-2021-1102;35232230;results;3;;Primary outcome: unadjusted treatment effect;;;15.2;TRUE;;
10.2217/fon-2021-1102;35232230;results;3;;Primary outcome: adjusted treatment effect;;;-10.5;TRUE;;
10.2217/fon-2021-1102;35232230;results;3;;Reporting of a weights' distribution evaluation (MAIC);;Not mentioned;Not mentioned;FALSE;;
