"";"PMID";"received";"accepted";"entrez";"pubmed";"medline";"revised";"pmc"
"1";"35343622";"03/08/2021";"08/03/2022";"28/03/2022";"29/03/2022";"29/03/2022";"29/12/2021";"NA"
"2";"35337365";"04/11/2021";"21/02/2022";"26/03/2022";"27/03/2022";"27/03/2022";"NA";"NA"
"3";"35289710";"NA";"NA";"15/03/2022";"16/03/2022";"16/03/2022";"NA";"NA"
"4";"35281934";"13/08/2021";"08/02/2022";"14/03/2022";"15/03/2022";"15/03/2022";"NA";"NA"
"5";"35280921";"07/06/2021";"28/12/2021";"14/03/2022";"15/03/2022";"15/03/2022";"22/12/2021";"NA"
"6";"35279814";"03/01/2022";"15/02/2022";"13/03/2022";"14/03/2022";"14/03/2022";"NA";"NA"
"7";"35277411";"NA";"NA";"12/03/2022";"13/03/2022";"13/03/2022";"NA";"NA"
"8";"35272073";"21/09/2021";"21/02/2022";"10/03/2022";"11/03/2022";"11/03/2022";"13/02/2022";"NA"
"9";"35267593";"23/12/2021";"23/02/2022";"10/03/2022";"11/03/2022";"11/03/2022";"22/02/2022";"NA"
"10";"35237351";"19/10/2021";"06/01/2022";"03/03/2022";"04/03/2022";"04/03/2022";"NA";"NA"
"11";"35232230";"NA";"NA";"02/03/2022";"03/03/2022";"03/03/2022";"NA";"NA"
"12";"35179764";"NA";"NA";"18/02/2022";"19/02/2022";"19/02/2022";"NA";"NA"
"13";"35175308";"NA";"NA";"17/02/2022";"18/02/2022";"18/02/2022";"NA";"NA"
"14";"35158805";"17/11/2021";"19/01/2022";"15/02/2022";"16/02/2022";"16/02/2022";"14/01/2022";"NA"
"15";"35157216";"08/10/2021";"03/12/2021";"14/02/2022";"15/02/2022";"15/02/2022";"NA";"NA"
"16";"35138877";"NA";"NA";"09/02/2022";"10/02/2022";"03/03/2022";"NA";"NA"
"17";"35129275";"20/12/2021";"03/02/2022";"07/02/2022";"08/02/2022";"08/02/2022";"26/01/2022";"NA"
"18";"35128059";"30/03/2021";"16/12/2021";"07/02/2022";"08/02/2022";"08/02/2022";"NA";"NA"
"19";"35114819";"NA";"NA";"04/02/2022";"05/02/2022";"05/02/2022";"NA";"NA"
"20";"35106186";"02/06/2021";"29/11/2021";"02/02/2022";"03/02/2022";"03/02/2022";"NA";"NA"
"21";"35090692";"24/04/2020";"29/04/2020";"29/01/2022";"30/01/2022";"01/04/2022";"28/04/2020";"NA"
"22";"35090691";"NA";"NA";"29/01/2022";"30/01/2022";"01/04/2022";"NA";"NA"
"23";"35090690";"05/06/2020";"10/06/2020";"29/01/2022";"30/01/2022";"01/04/2022";"09/06/2020";"NA"
"24";"35090688";"NA";"NA";"29/01/2022";"30/01/2022";"01/04/2022";"NA";"NA"
"25";"35073727";"NA";"NA";"25/01/2022";"26/01/2022";"26/01/2022";"NA";"NA"
"26";"35068168";"NA";"NA";"24/01/2022";"25/01/2022";"22/03/2022";"NA";"NA"
"27";"35058055";"29/06/2021";"20/11/2021";"21/01/2022";"22/01/2022";"22/01/2022";"05/11/2021";"NA"
"28";"35044552";"02/12/2021";"09/01/2022";"19/01/2022";"20/01/2022";"25/02/2022";"NA";"NA"
"29";"35042448";"NA";"NA";"19/01/2022";"20/01/2022";"20/01/2022";"NA";"NA"
"30";"35040693";"NA";"NA";"18/01/2022";"19/01/2022";"22/03/2022";"NA";"NA"
"31";"35030634";"01/10/2021";"29/12/2021";"14/01/2022";"15/01/2022";"15/01/2022";"29/11/2021";"NA"
"32";"35028245";"NA";"09/01/2022";"14/01/2022";"15/01/2022";"15/01/2022";"NA";"NA"
"33";"34999620";"NA";"NA";"09/01/2022";"10/01/2022";"10/01/2022";"NA";"NA"
"34";"34991104";"NA";"NA";"06/01/2022";"07/01/2022";"15/02/2022";"NA";"NA"
"35";"34981073";"NA";"NA";"04/01/2022";"05/01/2022";"05/01/2022";"NA";"NA"
"36";"34978255";"NA";"NA";"03/01/2022";"04/01/2022";"04/01/2022";"NA";"NA"
"37";"34966607";"NA";"25/11/2021";"30/12/2021";"31/12/2021";"31/12/2021";"NA";"NA"
"38";"34931610";"NA";"21/12/2021";"21/12/2021";"22/12/2021";"22/12/2021";"NA";"NA"
"39";"34922383";"08/10/2021";"NA";"18/12/2021";"19/12/2021";"19/12/2021";"NA";"NA"
"40";"34912479";"13/10/2020";"29/06/2021";"16/12/2021";"17/12/2021";"17/12/2021";"28/06/2021";"NA"
"41";"34912478";"13/10/2020";"29/06/2021";"16/12/2021";"17/12/2021";"17/12/2021";"28/06/2021";"NA"
"42";"34885106";"20/09/2021";"22/11/2021";"10/12/2021";"11/12/2021";"11/12/2021";"12/11/2021";"NA"
"43";"34877623";"11/10/2021";"11/11/2021";"08/12/2021";"09/12/2021";"09/12/2021";"NA";"NA"
"44";"34864380";"20/09/2021";"05/11/2021";"05/12/2021";"06/12/2021";"19/03/2022";"NA";"NA"
"45";"34841472";"NA";"09/11/2021";"29/11/2021";"30/11/2021";"30/11/2021";"NA";"NA"
"46";"34822128";"NA";"02/11/2021";"25/11/2021";"26/11/2021";"15/01/2022";"NA";"NA"
"47";"34797506";"20/04/2021";"03/08/2021";"19/11/2021";"20/11/2021";"09/03/2022";"NA";"NA"
"48";"34765537";"25/06/2021";"19/10/2021";"12/11/2021";"13/11/2021";"13/11/2021";"NA";"NA"
"49";"34756316";"17/01/2020";"13/05/2020";"10/11/2021";"11/11/2021";"15/12/2021";"NA";"NA"
"50";"34754257";"21/05/2021";"04/10/2021";"10/11/2021";"11/11/2021";"11/11/2021";"NA";"NA"
"51";"34754238";"15/07/2021";"12/10/2021";"10/11/2021";"11/11/2021";"11/11/2021";"NA";"NA"
"52";"34751591";"NA";"NA";"09/11/2021";"10/11/2021";"22/03/2022";"NA";"NA"
"53";"34740549";"16/04/2021";"19/09/2021";"06/11/2021";"07/11/2021";"07/11/2021";"09/09/2021";"NA"
"54";"34733356";"13/05/2021";"20/09/2021";"04/11/2021";"05/11/2021";"05/11/2021";"NA";"NA"
"55";"34714524";"04/08/2021";"14/09/2021";"29/10/2021";"30/10/2021";"30/10/2021";"NA";"NA"
"56";"34714523";"04/08/2021";"18/09/2021";"29/10/2021";"30/10/2021";"30/10/2021";"NA";"NA"
"57";"34672224";"NA";"NA";"21/10/2021";"22/10/2021";"22/10/2021";"NA";"NA"
"58";"34664200";"NA";"26/09/2021";"19/10/2021";"20/10/2021";"20/10/2021";"NA";"NA"
"59";"34663559";"10/08/2021";"19/08/2021";"19/10/2021";"20/10/2021";"15/12/2021";"NA";"NA"
"60";"34649296";"NA";"NA";"14/10/2021";"15/10/2021";"15/10/2021";"NA";"NA"
"61";"34641745";"NA";"NA";"13/10/2021";"14/10/2021";"01/02/2022";"NA";"NA"
"62";"34621996";"23/06/2021";"04/08/2021";"08/10/2021";"09/10/2021";"09/10/2021";"NA";"NA"
"63";"34616492";"26/05/2021";"09/09/2021";"07/10/2021";"08/10/2021";"08/10/2021";"NA";"NA"
"64";"34608814";"NA";"NA";"05/10/2021";"06/10/2021";"06/10/2021";"NA";"NA"
"65";"34597975";"09/07/2021";"18/08/2021";"01/10/2021";"02/10/2021";"15/12/2021";"14/08/2021";"NA"
"66";"34597381";"18/12/2020";"02/08/2021";"01/10/2021";"02/10/2021";"07/01/2022";"NA";"NA"
"67";"34589422";"20/04/2021";"19/08/2021";"30/09/2021";"01/10/2021";"01/10/2021";"NA";"NA"
"68";"34586007";"NA";"NA";"29/09/2021";"30/09/2021";"03/11/2021";"NA";"NA"
"69";"34561812";"20/04/2021";"03/08/2021";"25/09/2021";"26/09/2021";"09/11/2021";"NA";"NA"
"70";"34550592";"NA";"NA";"22/09/2021";"23/09/2021";"08/01/2022";"NA";"NA"
"71";"34543649";"20/04/2021";"04/09/2021";"20/09/2021";"21/09/2021";"04/01/2022";"NA";"NA"
"72";"34537953";"06/07/2021";"24/08/2021";"19/09/2021";"20/09/2021";"09/11/2021";"NA";"NA"
"73";"34493319";"01/07/2021";"21/08/2021";"08/09/2021";"09/09/2021";"23/11/2021";"NA";"NA"
"74";"34488679";"10/11/2020";"05/07/2021";"07/09/2021";"08/09/2021";"21/10/2021";"NA";"NA"
"75";"34484486";"NA";"NA";"06/09/2021";"07/09/2021";"29/10/2021";"NA";"NA"
"76";"34465265";"NA";"NA";"01/09/2021";"02/09/2021";"03/03/2022";"NA";"NA"
"77";"34445916";"NA";"NA";"27/08/2021";"28/08/2021";"16/11/2021";"NA";"NA"
"78";"34402784";"NA";"NA";"17/08/2021";"18/08/2021";"24/12/2021";"NA";"01/12/2022"
"79";"34402153";"23/04/2021";"03/08/2021";"17/08/2021";"18/08/2021";"15/12/2021";"23/07/2021";"NA"
"80";"34384311";"NA";"NA";"13/08/2021";"14/08/2021";"16/11/2021";"NA";"NA"
"81";"34383273";"NA";"27/06/2021";"12/08/2021";"13/08/2021";"19/02/2022";"NA";"NA"
"82";"34372979";"13/05/2020";"15/03/2021";"10/08/2021";"11/08/2021";"12/01/2022";"05/02/2021";"NA"
"83";"34372977";"14/07/2020";"24/01/2021";"10/08/2021";"11/08/2021";"12/01/2022";"09/01/2021";"NA"
"84";"34369674";"NA";"NA";"09/08/2021";"10/08/2021";"11/08/2021";"NA";"NA"
"85";"34368918";"21/05/2021";"30/06/2021";"09/08/2021";"10/08/2021";"16/09/2021";"NA";"NA"
"86";"34348729";"04/03/2021";"19/07/2021";"05/08/2021";"06/08/2021";"06/08/2021";"NA";"NA"
"87";"34340647";"NA";"NA";"03/08/2021";"04/08/2021";"30/09/2021";"NA";"NA"
"88";"34324742";"14/06/2021";"26/07/2021";"29/07/2021";"30/07/2021";"11/01/2022";"22/07/2021";"NA"
"89";"34301232";"01/06/2020";"16/07/2021";"24/07/2021";"25/07/2021";"21/10/2021";"NA";"NA"
"90";"34292540";"NA";"09/07/2021";"22/07/2021";"23/07/2021";"23/07/2021";"NA";"NA"
"91";"34286894";"30/04/2021";"16/07/2021";"21/07/2021";"22/07/2021";"21/10/2021";"06/07/2021";"NA"
"92";"34285621";"01/04/2021";"22/06/2021";"21/07/2021";"22/07/2021";"22/07/2021";"NA";"NA"
"93";"34280545";"17/02/2021";"09/07/2021";"19/07/2021";"20/07/2021";"22/03/2022";"04/06/2021";"01/01/2023"
"94";"34278835";"NA";"NA";"19/07/2021";"20/07/2021";"11/11/2021";"NA";"NA"
"95";"34277983";"25/02/2021";"23/04/2021";"19/07/2021";"20/07/2021";"15/03/2022";"22/04/2021";"NA"
"96";"34277438";"11/04/2021";"11/06/2021";"19/07/2021";"20/07/2021";"20/07/2021";"NA";"NA"
"97";"34274891";"18/03/2021";"18/06/2021";"18/07/2021";"19/07/2021";"14/09/2021";"15/06/2021";"NA"
"98";"34256668";"NA";"NA";"14/07/2021";"15/07/2021";"16/11/2021";"NA";"NA"
"99";"34250585";"NA";"04/06/2021";"12/07/2021";"13/07/2021";"26/11/2021";"NA";"NA"
"100";"34250584";"19/05/2021";"24/06/2021";"12/07/2021";"13/07/2021";"07/09/2021";"NA";"NA"
"101";"34236007";"NA";"NA";"08/07/2021";"09/07/2021";"16/11/2021";"NA";"NA"
"102";"34231369";"NA";"NA";"07/07/2021";"08/07/2021";"28/10/2021";"NA";"NA"
"103";"34196111";"01/05/2020";"21/06/2021";"01/07/2021";"02/07/2021";"06/11/2021";"01/06/2021";"NA"
"104";"34168470";"24/02/2021";"10/06/2021";"25/06/2021";"26/06/2021";"26/06/2021";"NA";"NA"
"105";"34114935";"NA";"NA";"11/06/2021";"12/06/2021";"21/09/2021";"NA";"NA"
"106";"34098842";"NA";"NA";"08/06/2021";"09/06/2021";"30/09/2021";"NA";"NA"
"107";"34093199";"19/03/2021";"29/04/2021";"07/06/2021";"08/06/2021";"08/06/2021";"NA";"NA"
"108";"34080140";"NA";"06/03/2021";"03/06/2021";"04/06/2021";"28/10/2021";"NA";"NA"
"109";"34074239";"05/05/2020";"21/04/2021";"02/06/2021";"03/06/2021";"29/06/2021";"NA";"NA"
"110";"34067521";"26/02/2021";"12/05/2021";"02/06/2021";"03/06/2021";"03/06/2021";"22/04/2021";"NA"
"111";"34067288";"29/04/2021";"20/05/2021";"02/06/2021";"03/06/2021";"24/09/2021";"20/05/2021";"NA"
"112";"34031743";"21/10/2020";"04/05/2021";"25/05/2021";"26/05/2021";"26/05/2021";"NA";"NA"
"113";"34021886";"17/03/2021";"28/04/2021";"22/05/2021";"23/05/2021";"23/06/2021";"NA";"NA"
"114";"34021585";"01/12/2020";"01/04/2021";"22/05/2021";"23/05/2021";"15/12/2021";"09/03/2021";"NA"
"115";"34018204";"29/04/2020";"25/04/2021";"21/05/2021";"22/05/2021";"26/10/2021";"02/04/2021";"30/08/2022"
"116";"34012392";"20/11/2020";"15/04/2021";"20/05/2021";"21/05/2021";"21/05/2021";"NA";"NA"
"117";"33992428";"07/03/2021";"08/03/2021";"16/05/2021";"17/05/2021";"05/10/2021";"NA";"NA"
"118";"33979770";"22/12/2020";"16/04/2021";"12/05/2021";"13/05/2021";"07/07/2021";"15/03/2021";"NA"
"119";"33970454";"01/03/2021";"20/04/2021";"10/05/2021";"11/05/2021";"23/06/2021";"NA";"NA"
"120";"33970192";"NA";"NA";"10/05/2021";"11/05/2021";"27/01/2022";"NA";"10/05/2022"
"121";"33963582";"03/11/2020";"01/12/2020";"08/05/2021";"09/05/2021";"30/06/2021";"NA";"NA"
"122";"33955326";"NA";"NA";"06/05/2021";"07/05/2021";"03/11/2021";"NA";"NA"
"123";"33941549";"25/02/2020";"02/04/2021";"04/05/2021";"05/05/2021";"22/06/2021";"11/03/2021";"NA"
"124";"33929726";"25/01/2021";"14/04/2021";"30/04/2021";"01/05/2021";"11/03/2022";"13/04/2021";"NA"
"125";"33896344";"NA";"NA";"26/04/2021";"27/04/2021";"03/11/2021";"NA";"NA"
"126";"33888418";"01/02/2021";"13/04/2021";"23/04/2021";"24/04/2021";"28/10/2021";"12/04/2021";"NA"
"127";"33871055";"NA";"NA";"19/04/2021";"20/04/2021";"01/06/2021";"NA";"19/04/2022"
"128";"33863352";"29/10/2020";"22/03/2021";"17/04/2021";"18/04/2021";"22/06/2021";"NA";"NA"
"129";"33847901";"NA";"10/03/2021";"13/04/2021";"14/04/2021";"01/02/2022";"NA";"NA"
"130";"33839603";"23/10/2020";"25/03/2021";"11/04/2021";"12/04/2021";"22/06/2021";"05/03/2021";"NA"
"131";"33830214";"19/02/2021";"05/04/2021";"08/04/2021";"09/04/2021";"22/03/2022";"22/03/2021";"08/04/2022"
"132";"33822328";"21/12/2020";"06/03/2021";"06/04/2021";"07/04/2021";"22/05/2021";"NA";"NA"
"133";"33818140";"NA";"NA";"05/04/2021";"06/04/2021";"27/07/2021";"NA";"NA"
"134";"33791945";"NA";"17/03/2021";"01/04/2021";"02/04/2021";"23/09/2021";"NA";"NA"
"135";"33781519";"18/11/2020";"20/12/2020";"30/03/2021";"31/03/2021";"03/07/2021";"NA";"NA"
"136";"33768123";"NA";"NA";"26/03/2021";"27/03/2021";"27/03/2021";"NA";"NA"
"137";"33749159";"11/01/2021";"02/03/2021";"22/03/2021";"23/03/2021";"03/07/2021";"NA";"NA"
"138";"33745079";"11/02/2021";"16/03/2021";"21/03/2021";"22/03/2021";"06/11/2021";"NA";"NA"
"139";"33733983";"NA";"NA";"18/03/2021";"19/03/2021";"16/10/2021";"NA";"NA"
"140";"33733815";"NA";"NA";"18/03/2021";"19/03/2021";"25/05/2021";"NA";"NA"
"141";"33709889";"NA";"NA";"12/03/2021";"13/03/2021";"26/10/2021";"NA";"NA"
"142";"33691581";"NA";"NA";"11/03/2021";"12/03/2021";"30/09/2021";"NA";"NA"
"143";"33687695";"NA";"12/02/2021";"09/03/2021";"10/03/2021";"11/05/2021";"NA";"NA"
"144";"33675139";"01/05/2020";"05/02/2021";"06/03/2021";"07/03/2021";"07/03/2021";"11/01/2021";"NA"
"145";"33674928";"02/12/2020";"08/02/2021";"06/03/2021";"07/03/2021";"20/04/2021";"NA";"NA"
"146";"33664606";"23/10/2020";"25/01/2021";"05/03/2021";"06/03/2021";"06/03/2021";"NA";"NA"
"147";"33646565";"NA";"11/01/2021";"01/03/2021";"02/03/2021";"21/07/2021";"NA";"NA"
"148";"33641593";"NA";"NA";"01/03/2021";"02/03/2021";"02/03/2021";"NA";"NA"
"149";"33640861";"15/10/2020";"07/02/2021";"28/02/2021";"01/03/2021";"27/04/2021";"22/01/2021";"NA"
"150";"33638735";"NA";"15/02/2021";"27/02/2021";"28/02/2021";"03/11/2021";"NA";"NA"
"151";"33626934";"NA";"NA";"25/02/2021";"26/02/2021";"25/05/2021";"NA";"NA"
"152";"33603419";"03/12/2020";"23/01/2021";"19/02/2021";"20/02/2021";"20/02/2021";"NA";"NA"
"153";"33599181";"NA";"NA";"18/02/2021";"19/02/2021";"30/11/2021";"NA";"NA"
"154";"33598857";"NA";"11/02/2021";"18/02/2021";"19/02/2021";"05/05/2021";"NA";"NA"
"155";"33556898";"17/11/2020";"05/01/2021";"08/02/2021";"09/02/2021";"30/10/2021";"18/12/2020";"NA"
"156";"33548517";"25/09/2020";"22/01/2021";"06/02/2021";"07/02/2021";"09/07/2021";"09/12/2020";"NA"
"157";"33521161";"NA";"NA";"01/02/2021";"02/02/2021";"02/02/2021";"NA";"NA"
"158";"33515055";"11/05/2020";"08/01/2021";"30/01/2021";"31/01/2021";"11/02/2022";"NA";"NA"
"159";"33488773";"20/12/2019";"27/10/2020";"25/01/2021";"26/01/2021";"26/01/2021";"NA";"NA"
"160";"33472427";"NA";"NA";"21/01/2021";"22/01/2021";"15/12/2021";"NA";"NA"
"161";"33469994";"21/03/2020";"13/01/2021";"20/01/2021";"21/01/2021";"26/10/2021";"12/12/2020";"NA"
"162";"33461352";"NA";"NA";"19/01/2021";"20/01/2021";"30/09/2021";"NA";"NA"
"163";"33448252";"NA";"NA";"15/01/2021";"16/01/2021";"26/11/2021";"NA";"NA"
"164";"33442996";"NA";"NA";"14/01/2021";"15/01/2021";"25/05/2021";"NA";"NA"
"165";"33376418";"14/08/2020";"31/10/2020";"30/12/2020";"31/12/2020";"31/12/2020";"NA";"NA"
"166";"33435879";"07/10/2020";"18/12/2020";"13/01/2021";"14/01/2021";"25/06/2021";"NA";"NA"
"167";"33423240";"12/11/2020";"16/12/2020";"10/01/2021";"11/01/2021";"11/01/2021";"NA";"NA"
"168";"33393412";"NA";"NA";"04/01/2021";"05/01/2021";"30/09/2021";"NA";"NA"
"169";"33377987";"09/10/2020";"05/12/2020";"30/12/2020";"31/12/2020";"15/04/2021";"NA";"NA"
"170";"33339864";"24/09/2020";"02/12/2020";"19/12/2020";"20/12/2020";"05/01/2021";"NA";"NA"
"171";"33292314";"16/03/2020";"27/10/2020";"09/12/2020";"10/12/2020";"10/12/2020";"NA";"NA"
"172";"33291810";"30/10/2020";"02/12/2020";"09/12/2020";"10/12/2020";"10/12/2020";"01/12/2020";"NA"
"173";"33267884";"26/06/2020";"02/11/2020";"03/12/2020";"04/12/2020";"12/02/2021";"NA";"NA"
"174";"33570887";"NA";"NA";"NA";"NA";"NA";"NA";"NA"
"175";"33555772";"NA";"NA";"NA";"NA";"NA";"NA";"NA"
"176";"33244703";"05/10/2020";"10/11/2020";"27/11/2020";"28/11/2020";"28/11/2020";"NA";"NA"
"177";"33228440";"NA";"NA";"24/11/2020";"25/11/2020";"09/02/2022";"NA";"NA"
"178";"33215981";"NA";"NA";"20/11/2020";"21/11/2020";"01/07/2021";"NA";"NA"
"179";"33213193";"NA";"NA";"20/11/2020";"21/11/2020";"26/01/2021";"NA";"NA"
"180";"33193875";"01/06/2020";"26/09/2020";"16/11/2020";"17/11/2020";"17/11/2020";"NA";"NA"
"181";"33155118";"NA";"14/10/2020";"06/11/2020";"07/11/2020";"15/12/2021";"NA";"NA"
"182";"33145711";"NA";"15/10/2020";"04/11/2020";"05/11/2020";"18/09/2021";"NA";"NA"
"183";"33131206";"17/02/2020";"09/10/2020";"01/11/2020";"02/11/2020";"29/10/2021";"22/07/2020";"NA"
"184";"33119182";"13/03/2020";"23/07/2020";"29/10/2020";"30/10/2020";"16/10/2021";"02/07/2020";"NA"
"185";"33111986";"26/08/2020";"07/10/2020";"28/10/2020";"29/10/2020";"22/06/2021";"30/09/2020";"NA"
"186";"33090003";"NA";"NA";"22/10/2020";"23/10/2020";"01/04/2021";"NA";"NA"
"187";"33069083";"31/07/2020";"27/09/2020";"17/10/2020";"18/10/2020";"02/10/2021";"01/09/2020";"NA"
"188";"33067698";"10/08/2020";"30/09/2020";"17/10/2020";"18/10/2020";"10/04/2021";"NA";"NA"
"189";"33062927";"17/07/2020";"31/07/2020";"16/10/2020";"17/10/2020";"17/10/2020";"NA";"NA"
"190";"33052055";"NA";"NA";"14/10/2020";"15/10/2020";"28/09/2021";"NA";"NA"
"191";"33051255";"NA";"NA";"14/10/2020";"15/10/2020";"27/04/2021";"NA";"NA"
"192";"33036834";"NA";"NA";"10/10/2020";"11/10/2020";"30/09/2021";"NA";"NA"
"193";"33015906";"25/02/2020";"04/09/2020";"05/10/2020";"06/10/2020";"22/06/2021";"25/06/2020";"NA"
"194";"33001384";"19/08/2020";"14/09/2020";"01/10/2020";"02/10/2020";"10/04/2021";"NA";"NA"
"195";"33570892";"NA";"NA";"NA";"NA";"NA";"NA";"NA"
"196";"32993519";"24/05/2020";"18/09/2020";"30/09/2020";"01/10/2020";"25/06/2021";"NA";"NA"
"197";"32969597";"30/03/2020";"02/09/2020";"24/09/2020";"25/09/2020";"20/07/2021";"28/08/2020";"NA"
"198";"32957804";"NA";"NA";"22/09/2020";"23/09/2020";"13/08/2021";"NA";"NA"
"199";"32914703";"NA";"NA";"11/09/2020";"12/09/2020";"30/11/2021";"NA";"NA"
"200";"32892660";"NA";"NA";"07/09/2020";"08/09/2020";"20/01/2021";"NA";"NA"
"201";"32856150";"18/04/2020";"17/08/2020";"29/08/2020";"29/08/2020";"21/10/2021";"NA";"NA"
"202";"32853779";"18/06/2020";"18/08/2020";"28/08/2020";"28/08/2020";"21/09/2021";"13/08/2020";"NA"
"203";"32853126";"NA";"NA";"28/08/2020";"28/08/2020";"26/10/2021";"NA";"NA"
"204";"32839071";"NA";"NA";"26/08/2020";"26/08/2020";"01/04/2022";"NA";"NA"
"205";"32827435";"29/06/2020";"19/08/2020";"23/08/2020";"23/08/2020";"17/02/2021";"NA";"NA"
"206";"32826180";"29/04/2020";"12/07/2020";"23/08/2020";"23/08/2020";"19/08/2021";"29/06/2020";"NA"
"207";"32804408";"08/07/2020";"13/08/2020";"18/08/2020";"18/08/2020";"01/12/2020";"12/08/2020";"NA"
"208";"32801167";"27/05/2020";"16/07/2020";"18/08/2020";"18/08/2020";"05/10/2021";"NA";"NA"
"209";"32798057";"04/03/2020";"23/06/2020";"17/08/2020";"17/08/2020";"28/01/2021";"23/06/2020";"NA"
"210";"32761259";"NA";"17/07/2020";"08/08/2020";"08/08/2020";"25/06/2021";"NA";"NA"
"211";"32749937";"NA";"NA";"05/08/2020";"05/08/2020";"27/05/2021";"NA";"NA"
"212";"32736593";"23/10/2019";"21/07/2020";"02/08/2020";"02/08/2020";"13/07/2021";"NA";"NA"
"213";"32727171";"26/03/2020";"25/05/2020";"31/07/2020";"31/07/2020";"31/07/2020";"NA";"NA"
"214";"32693948";"17/01/2020";"13/05/2020";"23/07/2020";"23/07/2020";"23/07/2020";"11/05/2020";"NA"
"215";"32684669";"NA";"NA";"21/07/2020";"21/07/2020";"21/07/2020";"NA";"NA"
"216";"32679702";"19/06/2020";"11/07/2020";"19/07/2020";"19/07/2020";"19/07/2020";"10/07/2020";"NA"
"217";"32673969";"12/03/2020";"20/06/2020";"17/07/2020";"17/07/2020";"07/10/2021";"09/06/2020";"NA"
"218";"32669839";"20/02/2020";"24/05/2020";"17/07/2020";"17/07/2020";"29/06/2021";"NA";"NA"
"219";"32659160";"NA";"NA";"14/07/2020";"14/07/2020";"27/05/2021";"NA";"NA"
"220";"32648475";"NA";"NA";"11/07/2020";"11/07/2020";"02/04/2021";"NA";"NA"
"221";"32636183";"NA";"NA";"09/07/2020";"09/07/2020";"23/07/2020";"NA";"NA"
"222";"32627297";"23/04/2020";"03/07/2020";"07/07/2020";"07/07/2020";"25/06/2021";"01/07/2020";"NA"
"223";"32602756";"NA";"NA";"01/07/2020";"01/07/2020";"02/04/2021";"NA";"NA"
"224";"32596834";"12/11/2019";"09/05/2020";"30/06/2020";"01/07/2020";"16/10/2021";"17/03/2020";"NA"
"225";"32568666";"NA";"NA";"23/06/2020";"23/06/2020";"14/09/2021";"NA";"NA"
"226";"32561336";"24/11/2019";"09/06/2020";"21/06/2020";"21/06/2020";"24/06/2021";"29/05/2020";"NA"
"227";"32550696";"NA";"NA";"19/06/2020";"19/06/2020";"04/05/2021";"NA";"NA"
"228";"32540383";"17/12/2019";"10/06/2020";"17/06/2020";"17/06/2020";"05/03/2021";"02/04/2020";"NA"
"229";"32540233";"04/02/2019";"03/02/2020";"17/06/2020";"17/06/2020";"04/09/2020";"14/01/2020";"NA"
"230";"32524498";"06/05/2020";"NA";"12/06/2020";"12/06/2020";"16/02/2021";"NA";"NA"
"231";"32499262";"NA";"NA";"06/06/2020";"06/06/2020";"20/02/2021";"NA";"NA"
"232";"32490682";"NA";"NA";"04/06/2020";"04/06/2020";"10/04/2021";"NA";"NA"
"233";"32475340";"16/01/2020";"14/04/2020";"02/06/2020";"02/06/2020";"16/12/2020";"NA";"NA"
"234";"32470056";"12/02/2020";"10/05/2020";"30/05/2020";"30/05/2020";"12/08/2020";"NA";"NA"
"235";"32456710";"15/03/2020";"10/05/2020";"28/05/2020";"28/05/2020";"25/06/2021";"NA";"NA"
"236";"32454812";"09/11/2019";"20/03/2020";"27/05/2020";"27/05/2020";"27/05/2020";"NA";"NA"
"237";"32424805";"29/04/2020";"NA";"20/05/2020";"20/05/2020";"16/02/2021";"NA";"NA"
"238";"32412387";"NA";"NA";"16/05/2020";"16/05/2020";"30/06/2021";"NA";"NA"
"239";"32395870";"09/03/2020";"06/05/2020";"13/05/2020";"13/05/2020";"16/06/2021";"06/05/2020";"NA"
"240";"32386269";"08/01/2020";"08/04/2020";"10/05/2020";"10/05/2020";"09/02/2021";"26/02/2020";"NA"
"241";"32380428";"31/01/2020";"18/03/2020";"08/05/2020";"08/05/2020";"11/11/2020";"11/03/2020";"NA"
"242";"32371431";"24/10/2019";"02/03/2020";"07/05/2020";"07/05/2020";"20/04/2021";"29/02/2020";"NA"
"243";"32367407";"22/11/2019";"20/03/2020";"06/05/2020";"06/05/2020";"15/05/2021";"28/02/2020";"NA"
"244";"32327161";"17/12/2018";"16/11/2019";"25/04/2020";"25/04/2020";"12/08/2020";"11/09/2019";"NA"
"245";"32308623";"30/08/2019";"17/03/2020";"21/04/2020";"21/04/2020";"21/04/2020";"NA";"NA"
"246";"32301116";"05/11/2019";"31/03/2020";"18/04/2020";"18/04/2020";"25/05/2021";"NA";"NA"
"247";"32299269";"NA";"NA";"18/04/2020";"18/04/2020";"16/02/2022";"NA";"NA"
"248";"32290309";"27/02/2020";"09/04/2020";"16/04/2020";"16/04/2020";"16/04/2020";"27/03/2020";"NA"
"249";"32278674";"03/12/2019";"27/02/2020";"13/04/2020";"13/04/2020";"26/08/2021";"21/02/2020";"NA"
"250";"32253560";"23/12/2019";"26/03/2020";"08/04/2020";"08/04/2020";"16/06/2021";"NA";"NA"
"251";"32222903";"13/02/2020";"NA";"31/03/2020";"31/03/2020";"01/12/2020";"NA";"NA"
"252";"32221596";"25/01/2020";"27/03/2020";"30/03/2020";"30/03/2020";"15/05/2021";"07/02/2020";"NA"
"253";"32220214";"NA";"NA";"30/03/2020";"30/03/2020";"11/05/2021";"NA";"NA"
"254";"32216597";"NA";"NA";"29/03/2020";"29/03/2020";"11/05/2021";"NA";"NA"
"255";"32208038";"NA";"NA";"26/03/2020";"26/03/2020";"12/05/2021";"NA";"NA"
"256";"32191592";"NA";"NA";"20/03/2020";"20/03/2020";"27/01/2021";"NA";"NA"
"257";"32190414";"30/12/2019";"27/02/2020";"20/03/2020";"20/03/2020";"20/03/2020";"NA";"NA"
"258";"32185590";"12/11/2019";"10/02/2020";"19/03/2020";"19/03/2020";"10/04/2021";"NA";"NA"
"259";"32182248";"08/01/2019";"14/01/2020";"18/03/2020";"18/03/2020";"13/06/2020";"NA";"NA"
"260";"32122024";"NA";"NA";"04/03/2020";"04/03/2020";"04/03/2020";"NA";"NA"
"261";"32115845";"02/03/2018";"27/01/2020";"03/03/2020";"03/03/2020";"02/07/2021";"14/11/2019";"NA"
"262";"32063399";"14/11/2019";"22/11/2019";"18/02/2020";"18/02/2020";"15/12/2020";"NA";"NA"
"263";"32057373";"18/07/2019";"25/11/2019";"15/02/2020";"15/02/2020";"20/09/2020";"12/11/2019";"NA"
"264";"32049837";"NA";"NA";"13/02/2020";"13/02/2020";"23/02/2020";"NA";"NA"
"265";"32019141";"31/12/2019";"27/01/2020";"06/02/2020";"06/02/2020";"11/11/2020";"27/01/2020";"NA"
"266";"32011182";"NA";"NA";"04/02/2020";"06/02/2020";"12/03/2021";"NA";"NA"
"267";"32007196";"31/07/2019";"25/10/2019";"03/02/2020";"03/02/2020";"17/07/2020";"22/10/2019";"NA"
"268";"31985301";"NA";"NA";"28/01/2020";"28/01/2020";"07/04/2021";"NA";"NA"
"269";"31948278";"NA";"NA";"18/01/2020";"18/01/2020";"28/01/2021";"NA";"NA"
"270";"31943429";"28/08/2019";"12/12/2019";"17/01/2020";"17/01/2020";"11/06/2021";"10/12/2019";"NA"
"271";"31940225";"NA";"NA";"16/01/2020";"16/01/2020";"26/11/2021";"NA";"NA"
"272";"31932080";"16/10/2018";"17/11/2019";"15/01/2020";"15/01/2020";"20/09/2020";"24/09/2019";"NA"
"273";"31930460";"NA";"NA";"14/01/2020";"14/01/2020";"30/01/2021";"NA";"NA"
"274";"31919360";"15/05/2019";"06/12/2019";"11/01/2020";"11/01/2020";"25/03/2020";"NA";"NA"
"275";"31917873";"NA";"NA";"10/01/2020";"10/01/2020";"13/06/2020";"NA";"NA"
"276";"31916448";"NA";"NA";"10/01/2020";"10/01/2020";"16/01/2021";"NA";"NA"
"277";"31872771";"NA";"NA";"25/12/2019";"25/12/2019";"22/12/2020";"NA";"NA"
"278";"31871432";"04/11/2018";"15/11/2019";"25/12/2019";"25/12/2019";"25/12/2019";"NA";"NA"
"279";"31865547";"04/11/2019";"NA";"23/12/2019";"23/12/2019";"06/10/2020";"NA";"NA"
"280";"31856172";"24/09/2019";"14/11/2019";"20/12/2019";"20/12/2019";"25/03/2020";"NA";"NA"
"281";"31838711";"26/11/2019";"NA";"16/12/2019";"16/12/2019";"21/04/2020";"NA";"NA"
"282";"31838710";"25/11/2019";"NA";"16/12/2019";"16/12/2019";"21/04/2020";"NA";"NA"
"283";"31830264";"13/09/2019";"10/12/2019";"13/12/2019";"13/12/2019";"31/03/2022";"27/10/2019";"NA"
"284";"31813087";"19/08/2019";"NA";"09/12/2019";"10/12/2019";"06/10/2020";"NA";"NA"
"285";"31813086";"19/08/2019";"NA";"09/12/2019";"10/12/2019";"06/10/2020";"NA";"NA"
"286";"31774340";"NA";"NA";"28/11/2019";"28/11/2019";"02/06/2020";"NA";"NA"
"287";"31745252";"04/07/2019";"04/11/2019";"21/11/2019";"21/11/2019";"22/06/2021";"02/11/2019";"NA"
"288";"31743962";"20/09/2019";"18/10/2019";"20/11/2019";"20/11/2019";"20/11/2019";"17/10/2019";"NA"
"289";"31719453";"21/10/2019";"NA";"14/11/2019";"14/11/2019";"15/11/2019";"NA";"NA"
"290";"31699438";"17/06/2019";"23/09/2019";"09/11/2019";"09/11/2019";"07/07/2020";"20/09/2019";"NA"
"291";"31686561";"NA";"NA";"06/11/2019";"07/11/2019";"29/04/2021";"NA";"NA"
"292";"31686559";"NA";"NA";"06/11/2019";"07/11/2019";"29/04/2021";"NA";"NA"
"293";"31673882";"NA";"NA";"02/11/2019";"02/11/2019";"02/11/2019";"NA";"NA"
"294";"31663466";"NA";"NA";"31/10/2019";"31/10/2019";"24/03/2020";"NA";"NA"
"295";"31652347";"NA";"21/10/2019";"26/10/2019";"28/10/2019";"15/05/2021";"NA";"NA"
"296";"31642037";"NA";"NA";"24/10/2019";"24/10/2019";"22/09/2020";"NA";"NA"
"297";"31640567";"26/04/2019";"06/09/2019";"24/10/2019";"24/10/2019";"04/08/2020";"NA";"NA"
"298";"31640435";"NA";"NA";"24/10/2019";"24/10/2019";"28/04/2021";"NA";"NA"
"299";"31632108";"08/06/2019";"06/09/2019";"22/10/2019";"22/10/2019";"22/10/2019";"NA";"NA"
"300";"31607912";"10/06/2019";"20/08/2019";"15/10/2019";"15/10/2019";"15/10/2019";"NA";"NA"
"301";"31602601";"19/08/2019";"NA";"12/10/2019";"12/10/2019";"12/10/2019";"NA";"NA"
"302";"31588564";"24/05/2019";"15/07/2019";"08/10/2019";"08/10/2019";"28/07/2020";"NA";"NA"
"303";"31587138";"NA";"NA";"07/10/2019";"07/10/2019";"07/10/2019";"NA";"NA"
"304";"31564931";"30/01/2019";"25/07/2019";"01/10/2019";"01/10/2019";"01/10/2019";"NA";"NA"
"305";"31555968";"NA";"NA";"27/09/2019";"27/09/2019";"20/08/2020";"NA";"NA"
"306";"31512141";"27/08/2019";"NA";"13/09/2019";"13/09/2019";"26/03/2020";"NA";"NA"
"307";"31489255";"22/03/2019";"10/07/2019";"07/09/2019";"07/09/2019";"07/09/2019";"NA";"NA"
"308";"31464152";"NA";"NA";"30/08/2019";"30/08/2019";"29/07/2020";"NA";"NA"
"309";"31440980";"19/06/2019";"NA";"24/08/2019";"24/08/2019";"19/06/2020";"NA";"NA"
"310";"31435770";"09/07/2019";"13/08/2019";"23/08/2019";"23/08/2019";"23/10/2020";"12/08/2019";"NA"
"311";"31417326";"26/02/2019";"02/05/2019";"17/08/2019";"17/08/2019";"17/08/2019";"NA";"NA"
"312";"31412011";"14/05/2018";"19/09/2018";"15/08/2019";"15/08/2019";"20/06/2020";"12/09/2018";"NA"
"313";"31390809";"12/06/2019";"30/07/2019";"09/08/2019";"09/08/2019";"25/02/2020";"25/07/2019";"NA"
"314";"31368653";"27/06/2018";"20/07/2019";"02/08/2019";"02/08/2019";"11/07/2020";"04/07/2019";"NA"
"315";"31364979";"25/03/2019";"22/04/2019";"01/08/2019";"01/08/2019";"01/08/2019";"NA";"NA"
"316";"31355224";"NA";"NA";"30/07/2019";"30/07/2019";"30/07/2019";"NA";"NA"
"317";"31348264";"NA";"NA";"27/07/2019";"28/07/2019";"14/08/2019";"NA";"NA"
"318";"31290203";"24/07/2018";"13/11/2018";"11/07/2019";"11/07/2019";"14/04/2020";"09/11/2018";"NA"
"319";"31258524";"05/04/2019";"31/05/2019";"02/07/2019";"02/07/2019";"02/07/2019";"NA";"NA"
"320";"31250534";"01/02/2019";"24/06/2019";"29/06/2019";"30/06/2019";"11/07/2020";"20/06/2019";"NA"
"321";"31218655";"NA";"NA";"21/06/2019";"21/06/2019";"26/06/2020";"NA";"NA"
"322";"31196844";"28/02/2019";"25/05/2019";"15/06/2019";"15/06/2019";"31/03/2020";"24/05/2019";"NA"
"323";"31192959";"NA";"NA";"14/06/2019";"14/06/2019";"10/07/2019";"NA";"NA"
"324";"31192957";"NA";"NA";"14/06/2019";"14/06/2019";"10/07/2019";"NA";"NA"
"325";"31190671";"NA";"NA";"14/06/2019";"14/06/2019";"30/01/2020";"NA";"NA"
"326";"31168745";"NA";"NA";"07/06/2019";"07/06/2019";"04/07/2020";"NA";"NA"
"327";"31140620";"09/01/2019";"15/05/2019";"30/05/2019";"30/05/2019";"22/09/2020";"11/04/2019";"NA"
"328";"31140123";"03/04/2019";"NA";"30/05/2019";"30/05/2019";"11/06/2020";"NA";"NA"
"329";"31133348";"22/01/2019";"19/03/2019";"29/05/2019";"28/05/2019";"21/10/2020";"NA";"NA"
"330";"31124741";"NA";"NA";"25/05/2019";"28/05/2019";"10/05/2020";"NA";"NA"
"331";"31124724";"NA";"NA";"25/05/2019";"28/05/2019";"10/05/2020";"NA";"NA"
"332";"31102627";"14/03/2018";"11/04/2018";"19/05/2019";"19/05/2019";"23/10/2019";"29/03/2018";"NA"
"333";"31099402";"NA";"NA";"18/05/2019";"18/05/2019";"11/02/2020";"NA";"NA"
"334";"31059803";"21/08/2018";"04/04/2019";"07/05/2019";"07/05/2019";"26/05/2020";"04/03/2019";"NA"
"335";"31045839";"NA";"NA";"03/05/2019";"03/05/2019";"11/05/2019";"NA";"NA"
"336";"31021449";"12/06/2018";"20/03/2019";"26/04/2019";"26/04/2019";"02/06/2021";"05/03/2019";"NA"
"337";"31018251";"17/10/2018";"08/04/2019";"25/04/2019";"25/04/2019";"01/02/2020";"27/02/2019";"NA"
"338";"30965114";"19/12/2018";"01/04/2019";"10/04/2019";"10/04/2019";"22/04/2020";"27/03/2019";"NA"
"339";"30964361";"NA";"NA";"10/04/2019";"10/04/2019";"11/06/2020";"NA";"NA"
"340";"30963514";"13/12/2018";"NA";"10/04/2019";"10/04/2019";"01/05/2020";"NA";"NA"
"341";"35157413";"NA";"NA";"NA";"NA";"NA";"NA";"NA"
"342";"30900099";"25/11/2018";"12/03/2019";"23/03/2019";"23/03/2019";"25/07/2019";"NA";"NA"
"343";"30899278";"14/11/2018";"17/02/2019";"23/03/2019";"23/03/2019";"23/03/2019";"NA";"NA"
"344";"30879249";"14/12/2018";"NA";"18/03/2019";"18/03/2019";"07/05/2020";"NA";"NA"
"345";"30864105";"20/12/2018";"NA";"14/03/2019";"14/03/2019";"02/05/2020";"NA";"NA"
"346";"30852924";"NA";"NA";"12/03/2019";"12/03/2019";"31/03/2020";"NA";"NA"
"347";"30835737";"24/01/2018";"10/02/2019";"06/03/2019";"06/03/2019";"18/12/2019";"NA";"NA"
"348";"30806520";"NA";"NA";"27/02/2019";"27/02/2019";"17/06/2020";"NA";"NA"
"349";"30786783";"NA";"NA";"22/02/2019";"23/02/2019";"10/06/2020";"NA";"NA"
"350";"30758745";"10/12/2018";"NA";"14/02/2019";"14/02/2019";"02/05/2020";"NA";"NA"
"351";"30758237";"NA";"NA";"14/02/2019";"14/02/2019";"08/10/2019";"NA";"NA"
"352";"30735443";"NA";"NA";"09/02/2019";"09/02/2019";"13/03/2020";"NA";"NA"
"353";"30727745";"NA";"NA";"08/02/2019";"08/02/2019";"25/03/2020";"NA";"NA"
"354";"30706364";"11/12/2018";"NA";"02/02/2019";"02/02/2019";"02/02/2019";"NA";"NA"
"355";"31211542";"NA";"NA";"NA";"NA";"NA";"NA";"NA"
"356";"30698076";"NA";"NA";"31/01/2019";"31/01/2019";"29/07/2021";"NA";"NA"
"357";"30689458";"NA";"NA";"29/01/2019";"29/01/2019";"19/05/2020";"NA";"NA"
"358";"30670074";"25/10/2018";"04/01/2019";"24/01/2019";"24/01/2019";"17/03/2020";"NA";"NA"
"359";"30661638";"18/09/2017";"29/06/2018";"22/01/2019";"22/01/2019";"15/03/2019";"15/06/2018";"NA"
"360";"30649973";"NA";"NA";"17/01/2019";"17/01/2019";"12/05/2020";"NA";"NA"
"361";"30639473";"04/10/2018";"05/01/2019";"15/01/2019";"15/01/2019";"23/04/2019";"20/11/2018";"NA"
"362";"30639069";"12/10/2018";"16/11/2018";"15/01/2019";"15/01/2019";"03/03/2020";"NA";"NA"
"363";"30635226";"05/09/2018";"23/10/2018";"13/01/2019";"13/01/2019";"22/05/2020";"22/10/2018";"NA"
"364";"30617044";"16/11/2017";"18/06/2018";"09/01/2019";"09/01/2019";"09/01/2019";"25/05/2018";"NA"
"365";"30612667";"29/10/2018";"09/11/2018";"08/01/2019";"08/01/2019";"08/11/2019";"08/11/2018";"NA"
"366";"30610657";"NA";"NA";"06/01/2019";"06/01/2019";"28/04/2020";"NA";"NA"
"367";"30598174";"29/10/2018";"09/11/2018";"02/01/2019";"02/01/2019";"12/11/2019";"NA";"NA"
"368";"30595674";"NA";"NA";"01/01/2019";"01/01/2019";"01/01/2019";"NA";"NA"
"369";"30591022";"22/06/2018";"10/12/2018";"29/12/2018";"29/12/2018";"25/01/2019";"NA";"NA"
"370";"30588048";"NA";"NA";"28/12/2018";"28/12/2018";"28/12/2018";"NA";"NA"
"371";"30567533";"25/05/2018";"29/11/2018";"21/12/2018";"21/12/2018";"28/03/2019";"NA";"NA"
"372";"30563395";"NA";"NA";"20/12/2018";"20/12/2018";"06/02/2020";"NA";"NA"
"373";"30547369";"NA";"NA";"15/12/2018";"14/12/2018";"26/06/2020";"NA";"NA"
"374";"30532569";"NA";"NA";"12/12/2018";"12/12/2018";"12/12/2018";"NA";"NA"
"375";"30489166";"NA";"NA";"30/11/2018";"30/11/2018";"19/03/2019";"NA";"NA"
"376";"30474450";"NA";"NA";"27/11/2018";"27/11/2018";"29/05/2019";"NA";"NA"
"377";"30472749";"22/08/2018";"02/11/2018";"26/11/2018";"26/11/2018";"03/01/2020";"NA";"NA"
"378";"30465228";"NA";"NA";"23/11/2018";"23/11/2018";"23/05/2020";"NA";"NA"
"379";"30464564";"NA";"NA";"23/11/2018";"23/11/2018";"23/11/2018";"NA";"NA"
"380";"30464563";"NA";"NA";"23/11/2018";"23/11/2018";"23/11/2018";"NA";"NA"
"381";"30429149";"NA";"NA";"16/11/2018";"16/11/2018";"23/11/2019";"NA";"NA"
"382";"30426462";"NA";"NA";"15/11/2018";"15/11/2018";"08/05/2020";"NA";"NA"
"383";"30401604";"05/07/2018";"18/10/2018";"08/11/2018";"08/11/2018";"10/09/2019";"18/10/2018";"NA"
"384";"30388073";"25/09/2018";"05/10/2018";"03/11/2018";"06/11/2018";"06/11/2018";"NA";"NA"
"385";"30362839";"NA";"NA";"27/10/2018";"27/10/2018";"28/04/2020";"NA";"NA"
"386";"30349228";"NA";"NA";"24/10/2018";"24/10/2018";"08/03/2019";"NA";"NA"
"387";"30314617";"20/12/2017";"25/03/2018";"14/10/2018";"14/10/2018";"07/11/2018";"21/03/2018";"NA"
"388";"30312378";"04/01/2018";"05/10/2018";"13/10/2018";"13/10/2018";"19/11/2019";"NA";"NA"
"389";"30309978";"23/07/2018";"05/10/2018";"13/10/2018";"13/10/2018";"11/09/2019";"NA";"NA"
"390";"30304407";"NA";"NA";"11/10/2018";"12/10/2018";"08/10/2019";"NA";"NA"
"391";"30303022";"NA";"NA";"11/10/2018";"12/10/2018";"12/10/2018";"NA";"NA"
"392";"30298279";"NA";"NA";"10/10/2018";"10/10/2018";"28/04/2020";"NA";"NA"
"393";"30293207";"NA";"NA";"08/10/2018";"08/10/2018";"28/04/2020";"NA";"NA"
"394";"30286627";"NA";"NA";"06/10/2018";"06/10/2018";"25/02/2020";"NA";"NA"
"395";"30277463";"NA";"NA";"03/10/2018";"03/10/2018";"27/06/2020";"NA";"NA"
"396";"30942989";"NA";"NA";"NA";"NA";"NA";"NA";"NA"
"397";"30227896";"02/10/2017";"30/08/2018";"20/09/2018";"20/09/2018";"10/04/2019";"NA";"NA"
"398";"30209002";"NA";"NA";"14/09/2018";"14/09/2018";"10/04/2019";"NA";"NA"
"399";"30205189";"14/06/2018";"31/08/2018";"12/09/2018";"12/09/2018";"13/11/2019";"24/08/2018";"NA"
"400";"30188231";"NA";"NA";"07/09/2018";"07/09/2018";"10/04/2019";"NA";"NA"
"401";"30168349";"NA";"NA";"01/09/2018";"01/09/2018";"10/09/2019";"NA";"NA"
"402";"30101613";"NA";"NA";"14/08/2018";"14/08/2018";"09/06/2020";"NA";"NA"
"403";"30096625";"26/05/2018";"02/08/2018";"11/08/2018";"11/08/2018";"14/11/2018";"23/07/2018";"NA"
"404";"30086654";"NA";"NA";"09/08/2018";"09/08/2018";"06/02/2020";"NA";"NA"
"405";"30052894";"13/05/2018";"06/07/2018";"28/07/2018";"28/07/2018";"22/09/2020";"NA";"NA"
"406";"30030817";"NA";"NA";"22/07/2018";"22/07/2018";"25/02/2020";"NA";"NA"
"407";"29961001";"NA";"NA";"02/07/2018";"02/07/2018";"30/06/2019";"NA";"NA"
"408";"29954828";"NA";"01/06/2018";"30/06/2018";"30/06/2018";"19/04/2019";"NA";"NA"
"409";"29954322";"11/07/2017";"09/05/2018";"30/06/2018";"30/06/2018";"04/06/2019";"NA";"NA"
"410";"29949047";"11/04/2018";"NA";"28/06/2018";"28/06/2018";"31/08/2019";"NA";"NA"
"411";"29949014";"04/05/2018";"NA";"28/06/2018";"28/06/2018";"28/06/2018";"NA";"NA"
"412";"29861642";"NA";"NA";"05/06/2018";"05/06/2018";"05/06/2018";"NA";"NA"
"413";"29858770";"NA";"NA";"03/06/2018";"03/06/2018";"03/06/2018";"NA";"NA"
"414";"29788164";"NA";"NA";"23/05/2018";"23/05/2018";"29/10/2019";"NA";"NA"
"415";"29785685";"NA";"NA";"23/05/2018";"23/05/2018";"12/03/2019";"NA";"NA"
"416";"29764245";"NA";"NA";"17/05/2018";"17/05/2018";"01/03/2019";"NA";"NA"
"417";"29753347";"14/09/2017";"26/02/2018";"14/05/2018";"14/05/2018";"21/06/2018";"20/02/2018";"NA"
"418";"31646068";"12/04/2017";"12/06/2017";"25/10/2019";"07/05/2018";"07/05/2018";"08/06/2017";"NA"
"419";"29692179";"NA";"NA";"26/04/2018";"26/04/2018";"10/09/2019";"NA";"NA"
"420";"29674504";"06/02/2018";"18/04/2018";"21/04/2018";"21/04/2018";"02/08/2019";"NA";"NA"
"421";"29645352";"NA";"NA";"13/04/2018";"13/04/2018";"19/03/2019";"NA";"NA"
"422";"29641566";"13/06/2017";"29/03/2018";"12/04/2018";"12/04/2018";"31/07/2018";"NA";"NA"
"423";"29630885";"19/02/2018";"24/03/2018";"10/04/2018";"10/04/2018";"02/07/2019";"23/03/2018";"NA"
"424";"29627809";"NA";"NA";"09/04/2018";"09/04/2018";"08/03/2019";"NA";"NA"
"425";"29621039";"NA";"NA";"06/04/2018";"06/04/2018";"02/04/2019";"NA";"NA"
"426";"29618273";"NA";"NA";"06/04/2018";"06/04/2018";"27/11/2018";"NA";"NA"
"427";"29605841";"03/01/2018";"NA";"02/04/2018";"02/04/2018";"02/04/2018";"NA";"NA"
"428";"29589873";"15/06/2017";"19/01/2018";"29/03/2018";"29/03/2018";"18/12/2019";"26/09/2017";"NA"
"429";"29589475";"NA";"NA";"29/03/2018";"29/03/2018";"29/03/2018";"NA";"NA"
"430";"29579174";"22/09/2017";"17/03/2018";"27/03/2018";"27/03/2018";"29/01/2019";"NA";"NA"
"431";"29570121";"NA";"NA";"24/03/2018";"24/03/2018";"01/02/2019";"NA";"NA"
"432";"29537878";"NA";"NA";"15/03/2018";"15/03/2018";"07/05/2019";"NA";"NA"
"433";"29524005";"14/06/2017";"19/02/2018";"11/03/2018";"11/03/2018";"29/01/2019";"NA";"NA"
"434";"29521644";"NA";"NA";"10/03/2018";"10/03/2018";"10/03/2018";"NA";"NA"
"435";"29513676";"08/08/2017";"09/01/2018";"08/03/2018";"08/03/2018";"19/06/2018";"NA";"NA"
"436";"29494348";"NA";"NA";"02/03/2018";"02/03/2018";"28/03/2019";"NA";"NA"
"437";"29480454";"NA";"NA";"27/02/2018";"27/02/2018";"24/09/2019";"NA";"NA"
"438";"29458286";"NA";"NA";"21/02/2018";"21/02/2018";"06/11/2018";"NA";"NA"
"439";"29408938";"14/03/2017";"14/01/2018";"07/02/2018";"07/02/2018";"03/04/2018";"NA";"NA"
"440";"29381246";"31/08/2017";"06/12/2017";"31/01/2018";"31/01/2018";"28/07/2018";"NA";"NA"
"441";"29330217";"31/05/2017";"03/11/2017";"14/01/2018";"14/01/2018";"04/10/2018";"27/09/2017";"NA"
"442";"29327372";"28/06/2017";"21/11/2017";"13/01/2018";"13/01/2018";"12/02/2019";"02/11/2017";"NA"
"443";"29304933";"18/11/2016";"19/05/2017";"07/01/2018";"07/01/2018";"24/04/2018";"16/04/2017";"NA"
"444";"29302193";"NA";"NA";"06/01/2018";"06/01/2018";"06/01/2018";"NA";"NA"
"445";"29271481";"NA";"NA";"23/12/2017";"23/12/2017";"24/01/2018";"NA";"NA"
"446";"29247383";"NA";"NA";"17/12/2017";"17/12/2017";"08/08/2018";"NA";"NA"
"447";"29234637";"NA";"NA";"14/12/2017";"14/12/2017";"14/12/2017";"NA";"NA"
"448";"29205421";"15/10/2017";"13/11/2017";"06/12/2017";"06/12/2017";"13/03/2019";"31/10/2017";"NA"
"449";"29201386";"18/04/2017";"17/10/2017";"05/12/2017";"05/12/2017";"05/12/2017";"NA";"NA"
"450";"29197667";"11/08/2017";"20/11/2017";"04/12/2017";"05/12/2017";"12/12/2018";"11/11/2017";"NA"
"451";"29192016";"23/02/2017";"27/10/2017";"02/12/2017";"02/12/2017";"13/09/2019";"NA";"NA"
"452";"32026346";"19/04/2017";"NA";"07/02/2020";"01/12/2017";"01/12/2017";"NA";"NA"
"453";"29178025";"NA";"NA";"28/11/2017";"28/11/2017";"24/09/2019";"NA";"NA"
"454";"29172760";"NA";"NA";"28/11/2017";"28/11/2017";"17/09/2019";"NA";"NA"
"455";"29171861";"NA";"14/11/2017";"25/11/2017";"25/11/2017";"24/09/2019";"NA";"NA"
"456";"29164973";"NA";"NA";"23/11/2017";"23/11/2017";"18/09/2018";"NA";"NA"
"457";"29139314";"NA";"NA";"16/11/2017";"16/11/2017";"18/09/2018";"NA";"NA"
"458";"29139001";"NA";"NA";"16/11/2017";"16/11/2017";"15/06/2019";"NA";"NA"
"459";"29126800";"08/08/2017";"06/11/2017";"12/11/2017";"12/11/2017";"02/05/2018";"05/11/2017";"NA"
"460";"30657401";"NA";"NA";"19/01/2019";"01/11/2017";"12/07/2019";"NA";"NA"
"461";"29086363";"NA";"NA";"01/11/2017";"01/11/2017";"15/06/2019";"NA";"NA"
"462";"29043538";"NA";"NA";"19/10/2017";"19/10/2017";"16/08/2018";"NA";"NA"
"463";"29037513";"10/08/2017";"02/10/2017";"18/10/2017";"19/10/2017";"15/03/2019";"NA";"NA"
"464";"28971316";"09/01/2017";"11/09/2017";"04/10/2017";"04/10/2017";"28/11/2018";"NA";"NA"
"465";"28967482";"29/06/2017";"22/08/2017";"03/10/2017";"03/10/2017";"14/04/2018";"07/08/2017";"NA"
"466";"28920068";"12/12/2016";"12/02/2017";"19/09/2017";"19/09/2017";"19/09/2017";"25/01/2017";"NA"
"467";"28901021";"NA";"NA";"14/09/2017";"14/09/2017";"02/12/2017";"NA";"NA"
"468";"28880737";"NA";"NA";"08/09/2017";"08/09/2017";"25/08/2018";"NA";"NA"
"469";"28866822";"NA";"NA";"04/09/2017";"04/09/2017";"02/11/2018";"NA";"NA"
"470";"28864100";"03/05/2017";"15/07/2017";"03/09/2017";"03/09/2017";"10/11/2017";"20/06/2017";"NA"
"471";"28856580";"NA";"NA";"01/09/2017";"01/09/2017";"08/06/2018";"NA";"NA"
"472";"28854405";"09/06/2017";"29/07/2017";"31/08/2017";"31/08/2017";"16/06/2018";"26/07/2017";"NA"
"473";"28823204";"NA";"NA";"22/08/2017";"22/08/2017";"21/03/2019";"NA";"NA"
"474";"28762213";"26/05/2017";"NA";"02/08/2017";"02/08/2017";"02/08/2017";"NA";"NA"
"475";"28742235";"01/03/2017";"13/07/2017";"26/07/2017";"26/07/2017";"19/09/2018";"NA";"NA"
"476";"28736505";"12/05/2016";"14/07/2017";"25/07/2017";"25/07/2017";"25/07/2017";"NA";"NA"
"477";"28732142";"09/11/2016";"25/06/2017";"22/07/2017";"22/07/2017";"07/08/2018";"17/06/2017";"NA"
"478";"28712616";"11/09/2016";"10/03/2017";"18/07/2017";"18/07/2017";"25/07/2017";"03/03/2017";"NA"
"479";"28708944";"NA";"NA";"15/07/2017";"15/07/2017";"26/03/2019";"NA";"NA"
"480";"28680955";"10/04/2017";"NA";"07/07/2017";"07/07/2017";"07/07/2017";"NA";"NA"
"481";"28663124";"24/03/2017";"22/05/2017";"01/07/2017";"01/07/2017";"19/04/2018";"NA";"NA"
"482";"28648305";"22/12/2015";"14/10/2016";"27/06/2017";"27/06/2017";"30/10/2018";"23/09/2016";"NA"
"483";"28646922";"26/04/2017";"06/06/2017";"26/06/2017";"26/06/2017";"23/05/2018";"NA";"NA"
"484";"28641997";"22/03/2017";"16/05/2017";"24/06/2017";"24/06/2017";"27/12/2017";"16/05/2017";"NA"
"485";"28614980";"NA";"NA";"16/06/2017";"16/06/2017";"03/10/2018";"NA";"NA"
"486";"28607774";"30/12/2016";"13/04/2017";"14/06/2017";"14/06/2017";"14/06/2017";"NA";"NA"
"487";"28604117";"NA";"NA";"13/06/2017";"13/06/2017";"11/04/2018";"NA";"NA"
"488";"28603010";"07/08/2016";"03/06/2017";"13/06/2017";"13/06/2017";"14/09/2017";"11/05/2017";"NA"
"489";"28573505";"03/04/2017";"NA";"03/06/2017";"03/06/2017";"06/01/2018";"NA";"NA"
"490";"28556675";"NA";"NA";"31/05/2017";"31/05/2017";"20/03/2019";"NA";"NA"
"491";"28552513";"04/04/2017";"21/05/2017";"30/05/2017";"30/05/2017";"29/11/2017";"18/05/2017";"NA"
"492";"28549125";"23/11/2016";"06/03/2017";"27/05/2017";"27/05/2017";"01/12/2017";"NA";"NA"
"493";"28522221";"03/04/2017";"27/04/2017";"20/05/2017";"20/05/2017";"01/02/2018";"27/04/2017";"NA"
"494";"28497561";"07/11/2016";"08/04/2017";"13/05/2017";"13/05/2017";"28/04/2018";"03/04/2017";"NA"
"495";"28474745";"18/10/2016";"01/05/2017";"06/05/2017";"06/05/2017";"29/07/2017";"28/04/2017";"NA"
"496";"28430670";"NA";"NA";"22/04/2017";"22/04/2017";"21/04/2018";"NA";"NA"
"497";"28415774";"12/02/2017";"06/03/2017";"19/04/2017";"19/04/2017";"27/03/2018";"NA";"NA"
"498";"28382213";"07/09/2016";"12/12/2016";"07/04/2017";"07/04/2017";"07/04/2017";"27/11/2016";"NA"
"499";"28361519";"06/02/2017";"07/03/2017";"01/04/2017";"01/04/2017";"01/04/2017";"NA";"NA"
"500";"28361159";"15/12/2015";"23/01/2017";"01/04/2017";"01/04/2017";"09/03/2018";"NA";"NA"
"501";"28350241";"NA";"NA";"29/03/2017";"30/03/2017";"10/05/2018";"NA";"NA"
"502";"28294636";"NA";"NA";"16/03/2017";"16/03/2017";"30/05/2017";"NA";"NA"
"503";"28283987";"NA";"NA";"12/03/2017";"12/03/2017";"26/06/2018";"NA";"NA"
"504";"28273772";"NA";"NA";"10/03/2017";"10/03/2017";"28/02/2018";"NA";"NA"
"505";"28272725";"NA";"NA";"09/03/2017";"09/03/2017";"18/04/2018";"NA";"NA"
"506";"28265459";"10/11/2016";"02/02/2017";"08/03/2017";"08/03/2017";"08/03/2017";"NA";"NA"
"507";"28220521";"06/09/2016";"17/11/2016";"22/02/2017";"22/02/2017";"12/09/2018";"NA";"NA"
"508";"28137490";"06/09/2016";"16/12/2016";"01/02/2017";"01/02/2017";"09/01/2018";"24/11/2016";"NA"
"509";"28122640";"23/05/2016";"09/01/2017";"27/01/2017";"27/01/2017";"19/12/2017";"NA";"NA"
"510";"28096283";"27/04/2016";"24/06/2016";"19/01/2017";"18/01/2017";"07/06/2017";"NA";"NA"
"511";"28063135";"NA";"NA";"08/01/2017";"08/01/2017";"28/03/2017";"NA";"NA"
"512";"28062113";"29/09/2016";"05/12/2016";"08/01/2017";"08/01/2017";"14/10/2017";"22/11/2016";"NA"
"513";"28052762";"13/08/2016";"06/12/2016";"06/01/2017";"06/01/2017";"29/11/2017";"NA";"NA"
"514";"28000169";"14/11/2016";"NA";"22/12/2016";"22/12/2016";"15/08/2017";"NA";"NA"
"515";"27882214";"20/11/2015";"13/09/2016";"25/11/2016";"25/11/2016";"25/11/2016";"NA";"NA"
"516";"27868341";"04/08/2016";"06/10/2016";"22/11/2016";"22/11/2016";"01/05/2018";"21/09/2016";"NA"
"517";"27866023";"10/08/2016";"10/11/2016";"21/11/2016";"21/11/2016";"03/11/2017";"07/11/2016";"NA"
"518";"27848997";"26/04/2016";"26/10/2016";"17/11/2016";"17/11/2016";"06/07/2018";"NA";"NA"
"519";"27806087";"04/08/2016";"15/10/2016";"03/11/2016";"03/11/2016";"27/06/2017";"NA";"NA"
"520";"27734713";"NA";"NA";"14/10/2016";"30/10/2016";"11/05/2017";"NA";"NA"
"521";"27543806";"07/06/2016";"10/08/2016";"21/08/2016";"30/10/2016";"03/01/2018";"26/07/2016";"NA"
"522";"27352420";"NA";"NA";"29/06/2016";"30/10/2016";"24/06/2017";"NA";"NA"
"523";"27657652";"20/05/2016";"01/09/2016";"23/09/2016";"27/10/2016";"20/07/2017";"02/08/2016";"NA"
"524";"27778240";"NA";"NA";"26/10/2016";"26/10/2016";"31/10/2017";"NA";"NA"
"525";"27736657";"06/07/2016";"18/09/2016";"14/10/2016";"14/10/2016";"05/09/2017";"NA";"NA"
"526";"27733070";"NA";"NA";"14/10/2016";"14/10/2016";"05/09/2017";"NA";"NA"
"527";"27716074";"20/05/2016";"09/09/2016";"08/10/2016";"08/10/2016";"07/10/2017";"NA";"NA"
"528";"27710868";"27/06/2016";"27/08/2016";"07/10/2016";"07/10/2016";"28/02/2017";"21/08/2016";"NA"
"529";"27676174";"27/08/2016";"01/09/2016";"28/09/2016";"28/09/2016";"31/01/2017";"NA";"NA"
"530";"27646863";"NA";"14/09/2016";"21/09/2016";"21/09/2016";"21/03/2019";"NA";"NA"
"531";"27620206";"08/07/2015";"11/08/2016";"14/09/2016";"14/09/2016";"26/06/2018";"10/06/2016";"NA"
"532";"27565278";"12/06/2015";"19/03/2016";"28/08/2016";"28/08/2016";"10/05/2017";"15/03/2016";"NA"
"533";"27562480";"22/12/2015";"08/08/2016";"27/08/2016";"27/08/2016";"03/06/2017";"29/07/2016";"NA"
"534";"27550239";"NA";"NA";"24/08/2016";"24/08/2016";"28/03/2017";"NA";"NA"
"535";"27529762";"21/11/2014";"28/12/2015";"17/08/2016";"17/08/2016";"04/04/2017";"21/12/2015";"NA"
"536";"27487843";"NA";"NA";"05/08/2016";"05/08/2016";"02/11/2019";"NA";"NA"
"537";"27583319";"NA";"NA";"NA";"NA";"NA";"NA";"NA"
"538";"27445511";"NA";"NA";"23/07/2016";"23/07/2016";"23/07/2016";"NA";"NA"
"539";"27384635";"03/05/2015";"07/10/2015";"08/07/2016";"08/07/2016";"27/03/2018";"NA";"NA"
"540";"27366049";"NA";"NA";"02/07/2016";"02/07/2016";"02/07/2016";"NA";"NA"
"541";"27325329";"21/04/2015";"20/12/2015";"22/06/2016";"22/06/2016";"18/05/2017";"17/12/2015";"NA"
"542";"27289476";"NA";"NA";"13/06/2016";"13/06/2016";"31/10/2017";"NA";"NA"
"543";"27288979";"11/02/2016";"13/05/2016";"12/06/2016";"12/06/2016";"07/11/2017";"11/04/2016";"NA"
"544";"27278217";"NA";"NA";"10/06/2016";"10/06/2016";"05/09/2017";"NA";"NA"
"545";"27189910";"22/03/2016";"27/04/2016";"19/05/2016";"18/05/2016";"08/08/2017";"27/04/2016";"NA"
"546";"27155214";"02/12/2015";"28/04/2016";"08/05/2016";"08/05/2016";"28/09/2017";"21/04/2016";"NA"
"547";"27142793";"08/09/2015";"19/10/2015";"05/05/2016";"05/05/2016";"23/03/2017";"NA";"NA"
"548";"27135404";"NA";"NA";"03/05/2016";"03/05/2016";"13/03/2018";"NA";"NA"
"549";"27116943";"14/10/2015";"12/04/2016";"28/04/2016";"28/04/2016";"24/10/2017";"NA";"NA"
"550";"27091732";"13/01/2016";"11/03/2016";"20/04/2016";"20/04/2016";"16/09/2017";"09/03/2016";"NA"
"551";"27082558";"NA";"NA";"16/04/2016";"16/04/2016";"13/09/2016";"NA";"NA"
"552";"27079278";"04/02/2016";"22/03/2016";"16/04/2016";"16/04/2016";"11/04/2017";"NA";"NA"
"553";"26979173";"28/01/2016";"NA";"17/03/2016";"17/03/2016";"12/09/2017";"NA";"NA"
"554";"26971303";"13/11/2015";"03/02/2016";"14/03/2016";"14/03/2016";"19/04/2017";"NA";"NA"
"555";"26967930";"NA";"NA";"12/03/2016";"12/03/2016";"14/03/2017";"NA";"NA"
"556";"26949899";"NA";"NA";"08/03/2016";"08/03/2016";"13/09/2017";"NA";"NA"
"557";"26933827";"NA";"NA";"03/03/2016";"05/03/2016";"15/12/2016";"NA";"NA"
"558";"26908514";"NA";"NA";"25/02/2016";"26/02/2016";"11/11/2016";"NA";"NA"
"559";"26907083";"NA";"NA";"25/02/2016";"26/02/2016";"05/09/2017";"NA";"NA"
"560";"26886011";"NA";"NA";"18/02/2016";"18/02/2016";"17/08/2016";"NA";"NA"
"561";"26883661";"16/12/2015";"NA";"18/02/2016";"18/02/2016";"03/11/2016";"NA";"NA"
"562";"26841367";"02/12/2013";"04/01/2016";"04/02/2016";"04/02/2016";"24/02/2018";"14/12/2015";"NA"
"563";"26839044";"25/08/2015";"31/12/2015";"04/02/2016";"04/02/2016";"08/10/2016";"22/12/2015";"NA"
"564";"26836914";"04/09/2015";"02/11/2015";"03/02/2016";"03/02/2016";"20/07/2016";"16/10/2015";"NA"
"565";"26824145";"NA";"NA";"30/01/2016";"30/01/2016";"05/09/2017";"NA";"NA"
"566";"26804561";"07/10/2015";"29/12/2015";"26/01/2016";"26/01/2016";"01/11/2016";"26/12/2015";"NA"
"567";"26793987";"NA";"NA";"23/01/2016";"23/01/2016";"17/04/2018";"NA";"NA"
"568";"26780905";"NA";"NA";"20/01/2016";"20/01/2016";"25/02/2017";"NA";"NA"
"569";"26769792";"NA";"NA";"16/01/2016";"16/01/2016";"07/10/2016";"NA";"NA"
"570";"26754852";"21/11/2014";"06/11/2015";"13/01/2016";"13/01/2016";"04/04/2017";"30/09/2015";"NA"
"571";"26733020";"19/11/2015";"27/11/2015";"07/01/2016";"07/01/2016";"19/01/2017";"NA";"NA"
"572";"26729046";"26/08/2015";"27/12/2015";"06/01/2016";"06/01/2016";"31/01/2018";"16/12/2015";"NA"
"573";"26719325";"NA";"NA";"01/01/2016";"01/01/2016";"20/09/2016";"NA";"NA"
"574";"26671239";"21/09/2015";"10/12/2015";"17/12/2015";"17/12/2015";"12/11/2016";"NA";"NA"
"575";"26637048";"NA";"NA";"05/12/2015";"05/12/2015";"30/08/2016";"NA";"NA"
"576";"26602976";"13/07/2015";"27/09/2015";"26/11/2015";"26/11/2015";"26/11/2015";"21/09/2015";"NA"
"577";"26586608";"06/08/2015";"12/11/2015";"21/11/2015";"21/11/2015";"30/09/2016";"09/11/2015";"NA"
"578";"26495961";"NA";"NA";"27/10/2015";"27/10/2015";"23/03/2017";"NA";"NA"
"579";"26477648";"28/05/2015";"06/09/2015";"20/10/2015";"20/10/2015";"28/06/2016";"06/08/2015";"NA"
"580";"26455472";"NA";"NA";"13/10/2015";"13/10/2015";"10/09/2016";"NA";"NA"
"581";"29144701";"NA";"NA";"NA";"NA";"NA";"NA";"NA"
"582";"26390233";"NA";"NA";"22/09/2015";"22/09/2015";"12/01/2017";"NA";"NA"
"583";"26382309";"NA";"NA";"19/09/2015";"19/09/2015";"15/12/2016";"NA";"NA"
"584";"26363775";"01/10/2014";"01/07/2015";"14/09/2015";"14/09/2015";"07/01/2017";"01/06/2015";"NA"
"585";"26355679";"25/04/2015";"18/08/2015";"11/09/2015";"12/09/2015";"25/05/2016";"NA";"NA"
"586";"26352650";"30/06/2015";"31/08/2015";"10/09/2015";"10/09/2015";"29/11/2017";"NA";"NA"
"587";"26346974";"NA";"NA";"09/09/2015";"09/09/2015";"09/09/2015";"NA";"NA"
"588";"26331530";"20/05/2015";"25/08/2015";"03/09/2015";"04/09/2015";"04/09/2015";"10/08/2015";"NA"
"589";"26320127";"NA";"NA";"31/08/2015";"01/09/2015";"25/04/2017";"NA";"NA"
"590";"26297097";"11/08/2014";"19/02/2015";"23/08/2015";"25/08/2015";"29/03/2016";"17/02/2015";"NA"
"591";"26293745";"NA";"NA";"22/08/2015";"22/08/2015";"16/07/2016";"NA";"NA"
"592";"26287812";"21/11/2014";"16/05/2015";"20/08/2015";"20/08/2015";"19/10/2016";"15/05/2015";"NA"
"593";"26280110";"NA";"NA";"18/08/2015";"19/08/2015";"03/11/2016";"NA";"NA"
"594";"26189925";"05/02/2015";"10/07/2015";"21/07/2015";"21/07/2015";"06/02/2016";"29/05/2015";"NA"
"595";"26159375";"NA";"NA";"11/07/2015";"15/07/2015";"23/09/2016";"NA";"NA"
"596";"26124700";"01/07/2014";"03/06/2015";"01/07/2015";"01/07/2015";"01/07/2015";"NA";"NA"
"597";"29144655";"NA";"NA";"NA";"NA";"NA";"NA";"NA"
"598";"28609085";"NA";"NA";"NA";"NA";"NA";"NA";"NA"
"599";"26105964";"22/12/2014";"09/06/2015";"25/06/2015";"25/06/2015";"18/05/2016";"NA";"NA"
"600";"26099484";"19/02/2014";"17/10/2014";"24/06/2015";"24/06/2015";"16/03/2016";"10/10/2014";"NA"
"601";"26091937";"28/01/2015";"02/06/2015";"21/06/2015";"21/06/2015";"30/12/2015";"01/06/2015";"NA"
"602";"26062932";"04/12/2014";"25/05/2015";"12/06/2015";"13/06/2015";"08/04/2016";"NA";"NA"
"603";"25985265";"NA";"NA";"19/05/2015";"20/05/2015";"05/07/2016";"NA";"NA"
"604";"25961824";"08/10/2014";"06/04/2015";"12/05/2015";"12/05/2015";"05/03/2016";"NA";"NA"
"605";"25926144";"NA";"NA";"01/05/2015";"01/05/2015";"07/01/2016";"NA";"NA"
"606";"25924975";"27/02/2014";"04/04/2015";"01/05/2015";"01/05/2015";"04/05/2016";"22/03/2015";"NA"
"607";"25906420";"NA";"NA";"24/04/2015";"24/04/2015";"15/12/2016";"NA";"NA"
"608";"25887646";"26/05/2014";"16/02/2015";"19/04/2015";"19/04/2015";"15/03/2016";"27/05/2014";"NA"
"609";"25817087";"NA";"NA";"31/03/2015";"31/03/2015";"15/12/2016";"NA";"NA"
"610";"25795232";"NA";"NA";"22/03/2015";"22/03/2015";"15/12/2016";"NA";"NA"
"611";"25773559";"02/10/2013";"23/10/2014";"17/03/2015";"17/03/2015";"16/06/2015";"20/10/2014";"NA"
"612";"25624763";"NA";"NA";"28/01/2015";"28/01/2015";"28/01/2015";"NA";"NA"
"613";"25585376";"29/10/2014";"04/01/2015";"14/01/2015";"15/01/2015";"06/01/2016";"22/12/2014";"NA"
"614";"25565891";"NA";"NA";"08/01/2015";"08/01/2015";"08/01/2015";"NA";"NA"
"615";"25559771";"04/08/2014";"20/12/2014";"07/01/2015";"07/01/2015";"07/01/2015";"07/11/2014";"NA"
"616";"25555272";"02/06/2014";"12/12/2014";"03/01/2015";"03/01/2015";"16/01/2016";"08/11/2014";"NA"
"617";"26962372";"01/03/2015";"16/10/2015";"11/03/2016";"01/01/2015";"01/01/2015";"15/10/2015";"NA"
"618";"25534216";"NA";"NA";"24/12/2014";"24/12/2014";"22/07/2015";"NA";"NA"
"619";"25533141";"07/07/2014";"20/11/2014";"24/12/2014";"24/12/2014";"05/02/2016";"NA";"NA"
"620";"25530283";"NA";"20/11/2014";"23/12/2014";"23/12/2014";"07/09/2016";"NA";"NA"
"621";"25491892";"29/09/2014";"09/11/2014";"11/12/2014";"11/12/2014";"09/04/2015";"NA";"NA"
"622";"25475365";"26/02/2014";"17/10/2014";"06/12/2014";"06/12/2014";"08/05/2015";"29/09/2014";"NA"
"623";"25445467";"26/06/2014";"24/09/2014";"03/12/2014";"03/12/2014";"15/12/2015";"NA";"NA"
"624";"25438722";"17/06/2014";"17/09/2014";"03/12/2014";"03/12/2014";"24/03/2016";"25/08/2014";"NA"
"625";"25414048";"15/08/2014";"NA";"22/11/2014";"22/11/2014";"24/03/2016";"NA";"NA"
"626";"25387478";"27/06/2014";"24/10/2014";"13/11/2014";"13/11/2014";"12/08/2015";"NA";"NA"
"627";"25361361";"29/07/2013";"13/01/2014";"01/11/2014";"02/11/2014";"08/10/2015";"NA";"NA"
"628";"27202690";"NA";"NA";"21/05/2016";"01/11/2014";"01/11/2014";"NA";"NA"
"629";"27202160";"NA";"NA";"21/05/2016";"01/11/2014";"01/11/2014";"NA";"NA"
"630";"27202157";"NA";"NA";"21/05/2016";"01/11/2014";"01/11/2014";"NA";"NA"
"631";"27202151";"NA";"NA";"21/05/2016";"01/11/2014";"01/11/2014";"NA";"NA"
"632";"27201950";"NA";"NA";"21/05/2016";"01/11/2014";"01/11/2014";"NA";"NA"
"633";"25356603";"NA";"NA";"31/10/2014";"31/10/2014";"30/07/2015";"NA";"NA"
"634";"25332702";"22/08/2013";"NA";"22/10/2014";"22/10/2014";"03/07/2015";"11/09/2014";"NA"
"635";"25276624";"NA";"NA";"03/10/2014";"03/10/2014";"03/10/2014";"NA";"NA"
"636";"25263803";"24/02/2014";"23/09/2014";"30/09/2014";"30/09/2014";"07/03/2015";"17/09/2014";"NA"
"637";"25177813";"NA";"NA";"02/09/2014";"02/09/2014";"17/10/2014";"NA";"NA"
"638";"25275206";"NA";"NA";"NA";"NA";"NA";"NA";"NA"
"639";"25114521";"NA";"NA";"13/08/2014";"13/08/2014";"25/02/2015";"NA";"NA"
"640";"25074856";"NA";"NA";"31/07/2014";"31/07/2014";"24/06/2015";"NA";"NA"
"641";"25056161";"NA";"NA";"25/07/2014";"25/07/2014";"14/04/2015";"NA";"NA"
"642";"25054058";"15/01/2014";"26/02/2014";"24/07/2014";"24/07/2014";"24/07/2014";"NA";"NA"
"643";"24987832";"14/05/2014";"25/06/2014";"03/07/2014";"06/07/2014";"24/02/2015";"NA";"NA"
"644";"24972449";"30/07/2013";"16/06/2014";"29/06/2014";"29/06/2014";"28/02/2015";"NA";"NA"
"645";"24969003";"17/08/2013";"26/01/2014";"28/06/2014";"28/06/2014";"26/08/2014";"27/12/2013";"NA"
"646";"24969002";"15/07/2013";"24/02/2014";"28/06/2014";"28/06/2014";"26/08/2014";"09/01/2014";"NA"
"647";"24967519";"NA";"NA";"27/06/2014";"27/06/2014";"24/02/2015";"NA";"NA"
"648";"24909191";"09/10/2013";"02/06/2014";"10/06/2014";"10/06/2014";"01/10/2014";"NA";"NA"
"649";"24895141";"NA";"NA";"05/06/2014";"05/06/2014";"31/03/2015";"NA";"NA"
"650";"24887172";"28/01/2014";"07/05/2014";"03/06/2014";"03/06/2014";"27/09/2014";"NA";"NA"
"651";"24869718";"NA";"NA";"30/05/2014";"30/05/2014";"24/02/2015";"NA";"NA"
"652";"24824144";"NA";"NA";"15/05/2014";"16/05/2014";"25/07/2017";"NA";"NA"
"653";"24796656";"20/11/2013";"07/01/2014";"07/05/2014";"07/05/2014";"15/12/2016";"17/12/2013";"NA"
"654";"24773456";"NA";"NA";"30/04/2014";"30/04/2014";"02/06/2015";"NA";"NA"
"655";"24713109";"10/02/2014";"18/03/2014";"10/04/2014";"10/04/2014";"16/01/2015";"11/03/2014";"NA"
"656";"24691560";"25/01/2014";"14/03/2014";"03/04/2014";"03/04/2014";"07/07/2015";"NA";"NA"
"657";"24671099";"21/01/2014";"21/02/2014";"28/03/2014";"29/03/2014";"17/12/2015";"NA";"NA"
"658";"24659260";"NA";"NA";"25/03/2014";"25/03/2014";"15/09/2015";"NA";"NA"
"659";"24653837";"17/11/2013";"22/12/2013";"22/03/2014";"22/03/2014";"22/03/2014";"NA";"NA"
"660";"24643323";"NA";"NA";"20/03/2014";"20/03/2014";"16/05/2015";"NA";"NA"
"661";"24640991";"15/10/2013";"31/01/2014";"20/03/2014";"20/03/2014";"12/09/2015";"20/01/2014";"NA"
"662";"24636374";"03/01/2014";"13/01/2014";"19/03/2014";"19/03/2014";"17/06/2014";"NA";"NA"
"663";"24627974";"NA";"NA";"18/03/2014";"19/03/2014";"02/06/2015";"NA";"NA"
"664";"24617578";"16/01/2014";"06/03/2014";"13/03/2014";"13/03/2014";"19/08/2015";"NA";"NA"
"665";"24599922";"NA";"NA";"07/03/2014";"07/03/2014";"01/10/2014";"NA";"NA"
"666";"24596112";"15/09/2013";"01/03/2014";"06/03/2014";"07/03/2014";"15/01/2016";"26/12/2013";"NA"
"667";"24587319";"18/12/2013";"29/01/2014";"04/03/2014";"04/03/2014";"29/10/2014";"NA";"NA"
"668";"24574729";"22/07/2013";"01/11/2013";"28/02/2014";"28/02/2014";"15/12/2014";"26/10/2013";"NA"
"669";"24508420";"02/10/2013";"17/12/2013";"11/02/2014";"11/02/2014";"29/10/2014";"12/11/2013";"NA"
"670";"24493117";"NA";"06/12/2013";"05/02/2014";"05/02/2014";"16/04/2014";"NA";"NA"
"671";"24491514";"25/11/2013";"09/01/2014";"05/02/2014";"05/02/2014";"13/02/2015";"02/01/2014";"NA"
"672";"24460615";"20/09/2013";"02/10/2013";"28/01/2014";"28/01/2014";"07/04/2015";"NA";"NA"
"673";"24314093";"14/10/2013";"26/11/2013";"10/12/2013";"10/12/2013";"10/12/2013";"NA";"NA"
"674";"24308372";"NA";"NA";"07/12/2013";"07/12/2013";"24/09/2014";"NA";"NA"
"675";"24304656";"NA";"NA";"06/12/2013";"07/12/2013";"23/09/2014";"NA";"NA"
"676";"24281768";"NA";"NA";"28/11/2013";"28/11/2013";"07/03/2015";"NA";"NA"
"677";"24204920";"19/06/2013";"03/09/2013";"09/11/2013";"10/11/2013";"06/08/2014";"NA";"NA"
"678";"24114396";"24/04/2013";"12/08/2013";"12/10/2013";"12/10/2013";"02/10/2014";"NA";"NA"
"679";"24112715";"NA";"NA";"12/10/2013";"12/10/2013";"13/09/2014";"NA";"NA"
"680";"24083626";"NA";"NA";"03/10/2013";"03/10/2013";"30/08/2014";"NA";"NA"
"681";"23981687";"NA";"NA";"29/08/2013";"29/08/2013";"19/12/2013";"NA";"NA"
"682";"23975660";"NA";"NA";"27/08/2013";"27/08/2013";"03/06/2014";"NA";"NA"
"683";"23945680";"NA";"NA";"16/08/2013";"16/08/2013";"31/07/2014";"NA";"NA"
"684";"23890909";"09/02/2013";"30/06/2013";"30/07/2013";"31/07/2013";"27/01/2015";"05/05/2013";"NA"
"685";"23881267";"NA";"NA";"25/07/2013";"25/07/2013";"12/06/2014";"NA";"NA"
"686";"23870607";"01/02/2013";"13/05/2013";"23/07/2013";"23/07/2013";"28/01/2014";"13/04/2013";"NA"
"687";"23843702";"NA";"NA";"12/07/2013";"12/07/2013";"12/07/2013";"NA";"NA"
"688";"23801205";"NA";"NA";"27/06/2013";"27/06/2013";"25/03/2014";"NA";"NA"
"689";"23718547";"03/04/2013";"07/05/2013";"31/05/2013";"31/05/2013";"29/01/2014";"07/05/2013";"NA"
"690";"23691937";"NA";"NA";"23/05/2013";"23/05/2013";"15/01/2014";"NA";"NA"
"691";"23618535";"08/02/2013";"04/04/2013";"27/04/2013";"27/04/2013";"30/10/2013";"NA";"NA"
"692";"23617453";"17/01/2013";"21/04/2013";"27/04/2013";"27/04/2013";"24/02/2015";"NA";"NA"
"693";"23592392";"NA";"NA";"18/04/2013";"18/04/2013";"04/02/2014";"NA";"NA"
"694";"23590560";"15/05/2012";"19/12/2012";"18/04/2013";"18/04/2013";"28/02/2014";"NA";"NA"
"695";"27905751";"NA";"NA";"NA";"NA";"NA";"NA";"NA"
"696";"23569909";"15/10/2011";"03/12/2011";"10/04/2013";"10/04/2013";"10/04/2013";"09/11/2011";"NA"
"697";"23557834";"11/10/2012";"14/02/2013";"06/04/2013";"06/04/2013";"06/07/2013";"23/01/2013";"NA"
"698";"23549384";"NA";"NA";"04/04/2013";"04/04/2013";"23/01/2014";"NA";"NA"
"699";"23539190";"NA";"NA";"30/03/2013";"30/03/2013";"04/02/2014";"NA";"NA"
"700";"23519234";"NA";"NA";"23/03/2013";"23/03/2013";"10/01/2014";"NA";"NA"
"701";"23638487";"NA";"NA";"NA";"NA";"NA";"NA";"NA"
"702";"23442134";"16/10/2012";"12/12/2012";"28/02/2013";"28/02/2013";"15/01/2014";"NA";"NA"
"703";"23339434";"NA";"NA";"24/01/2013";"24/01/2013";"26/09/2013";"NA";"NA"
"704";"23244817";"22/12/2011";"15/06/2012";"19/12/2012";"19/12/2012";"21/02/2013";"19/04/2012";"NA"
"705";"23239696";"NA";"NA";"15/12/2012";"15/12/2012";"07/02/2013";"NA";"NA"
"706";"23196824";"07/10/2012";"14/11/2012";"01/12/2012";"01/12/2012";"20/11/2013";"NA";"NA"
"707";"23186991";"21/12/2011";"20/06/2012";"29/11/2012";"29/11/2012";"01/03/2013";"18/06/2012";"NA"
"708";"23177302";"06/06/2012";"06/09/2012";"27/11/2012";"28/11/2012";"19/07/2013";"27/07/2012";"NA"
"709";"23167972";"11/07/2012";"20/11/2012";"22/11/2012";"22/11/2012";"07/03/2013";"NA";"NA"
"710";"23163976";"03/10/2011";"02/11/2012";"21/11/2012";"21/11/2012";"29/05/2013";"NA";"NA"
"711";"23150473";"NA";"NA";"15/11/2012";"15/11/2012";"29/01/2013";"NA";"NA"
"712";"23140823";"08/08/2012";"11/10/2012";"13/11/2012";"13/11/2012";"10/04/2013";"NA";"NA"
"713";"23129490";"NA";"NA";"07/11/2012";"07/11/2012";"16/01/2013";"NA";"NA"
"714";"23113551";"NA";"NA";"02/11/2012";"02/11/2012";"05/06/2013";"NA";"NA"
"715";"23092868";"NA";"NA";"25/10/2012";"25/10/2012";"20/04/2013";"NA";"NA"
"716";"23011014";"27/05/2012";"29/08/2012";"27/09/2012";"27/09/2012";"01/05/2013";"NA";"NA"
"717";"22999145";"19/01/2012";"23/05/2012";"25/09/2012";"25/09/2012";"10/12/2012";"18/05/2012";"NA"
"718";"22987606";"25/10/2011";"01/08/2012";"19/09/2012";"19/09/2012";"21/08/2013";"NA";"NA"
"719";"22970794";"15/06/2012";"04/09/2012";"14/09/2012";"14/09/2012";"21/06/2013";"NA";"NA"
"720";"22949487";"NA";"NA";"06/09/2012";"06/09/2012";"09/01/2013";"NA";"NA"
"721";"22924967";"NA";"NA";"29/08/2012";"29/08/2012";"05/02/2013";"NA";"NA"
"722";"22912382";"NA";"NA";"23/08/2012";"23/08/2012";"15/12/2012";"NA";"NA"
"723";"22898892";"11/06/2012";"18/07/2012";"18/08/2012";"18/08/2012";"26/02/2013";"NA";"NA"
"724";"22881362";"NA";"NA";"14/08/2012";"14/08/2012";"11/05/2013";"NA";"NA"
"725";"22865774";"31/10/2011";"03/07/2012";"07/08/2012";"07/08/2012";"29/05/2013";"14/05/2012";"NA"
"726";"22832638";"22/02/2012";"04/06/2012";"27/07/2012";"27/07/2012";"12/06/2013";"NA";"NA"
"727";"22788256";"NA";"NA";"14/07/2012";"14/07/2012";"12/12/2012";"NA";"NA"
"728";"22787066";"NA";"NA";"13/07/2012";"13/07/2012";"10/12/2012";"NA";"NA"
"729";"22786621";"11/10/2011";"11/05/2012";"13/07/2012";"13/07/2012";"29/05/2013";"NA";"NA"
"730";"22771555";"NA";"NA";"10/07/2012";"10/07/2012";"21/03/2013";"NA";"NA"
"731";"22764016";"08/09/2011";"23/04/2012";"06/07/2012";"06/07/2012";"17/05/2013";"NA";"NA"
"732";"22701591";"13/02/2012";"27/04/2012";"16/06/2012";"16/06/2012";"09/11/2012";"NA";"NA"
"733";"22700784";"NA";"NA";"16/06/2012";"16/06/2012";"18/08/2012";"NA";"NA"
"734";"22693038";"10/04/2012";"16/05/2012";"14/06/2012";"14/06/2012";"07/03/2013";"NA";"NA"
"735";"22657254";"27/12/2011";"09/05/2012";"05/06/2012";"05/06/2012";"12/10/2012";"02/05/2012";"NA"
"736";"22641255";"NA";"NA";"30/05/2012";"30/05/2012";"09/07/2013";"NA";"NA"
"737";"22583463";"18/04/2011";"24/01/2012";"16/05/2012";"16/05/2012";"07/07/2012";"05/12/2011";"NA"
"738";"22552988";"NA";"NA";"04/05/2012";"11/05/2012";"05/09/2012";"NA";"NA"
"739";"22554024";"29/07/2011";"03/05/2012";"05/05/2012";"05/05/2012";"07/03/2013";"NA";"NA"
"740";"27790010";"NA";"NA";"03/05/2012";"03/05/2012";"03/05/2012";"NA";"NA"
"741";"22525304";"NA";"NA";"25/04/2012";"25/04/2012";"25/10/2012";"NA";"NA"
"742";"22516128";"NA";"NA";"21/04/2012";"21/04/2012";"11/05/2013";"NA";"NA"
"743";"22505698";"NA";"NA";"17/04/2012";"17/04/2012";"04/10/2012";"NA";"NA"
"744";"21609655";"NA";"NA";"26/05/2011";"11/04/2012";"06/07/2012";"NA";"NA"
"745";"22462530";"NA";"NA";"03/04/2012";"03/04/2012";"29/09/2012";"NA";"NA"
"746";"27905717";"NA";"NA";"NA";"NA";"NA";"NA";"NA"
"747";"22696776";"NA";"NA";"NA";"NA";"NA";"NA";"NA"
"748";"22414178";"NA";"NA";"15/03/2012";"15/03/2012";"21/08/2012";"NA";"NA"
"749";"22407741";"NA";"NA";"13/03/2012";"13/03/2012";"30/05/2012";"NA";"NA"
"750";"24367204";"NA";"NA";"25/12/2013";"01/01/2012";"01/01/2012";"NA";"NA"
"751";"22197769";"28/07/2011";"02/12/2011";"27/12/2011";"27/12/2011";"16/06/2012";"01/12/2011";"NA"
"752";"22048230";"NA";"NA";"04/11/2011";"04/11/2011";"30/12/2011";"NA";"NA"
"753";"21962424";"24/02/2011";"23/05/2011";"04/10/2011";"04/10/2011";"18/01/2012";"21/04/2011";"NA"
"754";"21937141";"20/04/2011";"16/07/2011";"23/09/2011";"23/09/2011";"25/04/2012";"08/07/2011";"NA"
"755";"21935329";"24/01/2011";"NA";"22/09/2011";"22/09/2011";"22/09/2011";"NA";"NA"
"756";"21920996";"NA";"NA";"17/09/2011";"17/09/2011";"12/04/2012";"NA";"NA"
"757";"21856857";"NA";"NA";"23/08/2011";"23/08/2011";"16/11/2011";"NA";"NA"
"758";"21854080";"NA";"NA";"23/08/2011";"23/08/2011";"16/02/2012";"NA";"NA"
"759";"21819162";"NA";"NA";"09/08/2011";"09/08/2011";"13/12/2011";"NA";"NA"
"760";"21741714";"22/05/2011";"06/06/2011";"12/07/2011";"12/07/2011";"02/06/2012";"NA";"NA"
"761";"21704235";"NA";"03/05/2011";"28/06/2011";"28/06/2011";"18/10/2011";"NA";"NA"
"762";"21698473";"NA";"NA";"24/06/2011";"24/06/2011";"01/03/2012";"NA";"NA"
"763";"21692768";"NA";"NA";"23/06/2011";"23/06/2011";"02/02/2012";"NA";"NA"
"764";"21676119";"NA";"NA";"17/06/2011";"17/06/2011";"10/01/2012";"NA";"NA"
"765";"21669367";"23/12/2010";"11/01/2011";"15/06/2011";"15/06/2011";"23/08/2011";"NA";"NA"
"766";"21669366";"NA";"NA";"15/06/2011";"15/06/2011";"23/08/2011";"NA";"NA"
"767";"21977547";"NA";"NA";"NA";"NA";"NA";"NA";"NA"
"768";"21599551";"NA";"NA";"24/05/2011";"24/05/2011";"29/09/2011";"NA";"NA"
"769";"21585706";"NA";"NA";"19/05/2011";"21/05/2011";"02/08/2011";"NA";"NA"
"770";"21585704";"NA";"NA";"19/05/2011";"21/05/2011";"02/08/2011";"NA";"NA"
"771";"21594220";"NA";"NA";"20/05/2011";"20/05/2011";"10/06/2011";"NA";"NA"
"772";"21548941";"28/11/2010";"06/05/2011";"10/05/2011";"10/05/2011";"13/12/2011";"NA";"NA"
"773";"21524239";"NA";"NA";"29/04/2011";"29/04/2011";"16/09/2011";"NA";"NA"
"774";"21388558";"03/10/2010";"10/03/2011";"11/03/2011";"11/03/2011";"11/03/2011";"NA";"NA"
"775";"21375022";"NA";"NA";"08/03/2011";"08/03/2011";"23/03/2011";"NA";"NA"
"776";"21375020";"NA";"NA";"08/03/2011";"08/03/2011";"23/03/2011";"NA";"NA"
"777";"21367471";"30/01/2011";"06/02/2011";"04/03/2011";"04/03/2011";"16/09/2011";"NA";"NA"
"778";"21330105";"01/10/2009";"29/10/2010";"19/02/2011";"19/02/2011";"28/10/2011";"30/09/2010";"NA"
"779";"21239748";"NA";"NA";"18/01/2011";"18/01/2011";"27/08/2011";"NA";"NA"
"780";"21199320";"NA";"NA";"05/01/2011";"05/01/2011";"14/03/2012";"NA";"NA"
"781";"21198726";"NA";"NA";"05/01/2011";"05/01/2011";"07/06/2011";"NA";"NA"
"782";"21189424";"NA";"NA";"30/12/2010";"30/12/2010";"16/04/2011";"NA";"NA"
"783";"21182357";"NA";"NA";"25/12/2010";"25/12/2010";"02/07/2011";"NA";"NA"
"784";"21097801";"NA";"NA";"25/11/2010";"26/11/2010";"18/02/2011";"NA";"NA"
"785";"21078630";"NA";"NA";"17/11/2010";"17/11/2010";"22/02/2012";"NA";"NA"
"786";"20935294";"NA";"NA";"12/10/2010";"12/10/2010";"07/06/2011";"NA";"NA"
"787";"20831304";"NA";"NA";"14/09/2010";"14/09/2010";"29/12/2010";"NA";"NA"
"788";"20831302";"NA";"NA";"14/09/2010";"14/09/2010";"29/12/2010";"NA";"NA"
"789";"20831287";"NA";"NA";"14/09/2010";"14/09/2010";"29/12/2010";"NA";"NA"
"790";"20828843";"23/03/2010";"07/08/2010";"11/09/2010";"11/09/2010";"01/06/2012";"30/05/2010";"NA"
"791";"20825406";"NA";"NA";"10/09/2010";"10/09/2010";"06/05/2011";"NA";"NA"
"792";"20727460";"NA";"NA";"24/08/2010";"04/09/2010";"14/12/2010";"NA";"NA"
"793";"20713583";"NA";"NA";"18/08/2010";"18/08/2010";"09/09/2010";"NA";"NA"
"794";"20507803";"NA";"NA";"29/05/2010";"12/06/2010";"08/02/2011";"NA";"NA"
"795";"20418173";"11/06/2009";"16/09/2009";"27/04/2010";"27/04/2010";"06/10/2010";"01/08/2009";"NA"
"796";"20191599";"NA";"NA";"02/03/2010";"02/03/2010";"02/09/2010";"NA";"NA"
"797";"20149473";"07/02/2009";"22/09/2009";"13/02/2010";"13/02/2010";"23/07/2010";"21/08/2009";"NA"
"798";"20142203";"NA";"NA";"10/02/2010";"10/02/2010";"27/08/2010";"NA";"NA"
"799";"20084004";"NA";"NA";"20/01/2010";"20/01/2010";"27/04/2010";"NA";"NA"
