﻿doi;PMID;section;ITC num;Ind studies num;questions;reviewer 1;reviewer 2;decision;identical;Notes reviewer 1;Notes reviewer 2
10.1111/bjd.16140;29171861;general_information;;;Medical Condition of Interest Name;;;moderate-to-severe plaque psoriasis;TRUE;NA;NA
10.1111/bjd.16140;29171861;general_information;;;Countries of first author affiliations;;;uk;TRUE;;
10.1111/bjd.16140;29171861;general_information;;;Countries of last author affiliations;;;germany;TRUE;;
10.1111/bjd.16140;29171861;general_information;;;Positions of study investigators (for any authors of the article, any that applies);;;Academic, Pharmaceutical Industry;TRUE;;
10.1111/bjd.16140;29171861;general_information;;;At least one author affiliated with a department of Biostatistics, Epidemiology, Public Health, Pharmacoepidemiology, or a Clinical Research unit, or private data analysis company;Yes;Not mentioned;Not mentioned;FALSE;;
10.1111/bjd.16140;29171861;general_information;;;Mentioned sources of funding;;;Pharmaceutical Industry;TRUE;;
10.1111/bjd.16140;29171861;general_information;;;Ties with pharmaceutical industry mentionned in competing interest/conflict of interest/disclaimer, or any equivalent section in the article;;;Yes;TRUE;;
10.1111/bjd.16140;29171861;general_information;;;Mention of a systematic review to find the studies to compare treatments of interest;;;Yes;TRUE;;
10.1111/bjd.16140;29171861;study_information;;1;Patient-level data used;;;Yes;TRUE;;
10.1111/bjd.16140;29171861;study_information;;1;Clinical Trial;;;Yes;TRUE;;
10.1111/bjd.16140;29171861;study_information;;1;NCT (only for clinical trial registered on clinicaltrials.gov);;;NCT01474512;TRUE;;
10.1111/bjd.16140;29171861;study_information;;1;Country where the clinical trial/observational study was conducted (international if more than one);;;international;TRUE;;
10.1111/bjd.16140;29171861;study_information;;1;Phase of the clinical trial (clinical trial only);;;3;TRUE;;
10.1111/bjd.16140;29171861;study_information;;1;Number of treatment arms (clinical trial only);;;2 or more;TRUE;;
10.1111/bjd.16140;29171861;study_information;;2;Patient-level data used;;;Yes;TRUE;;
10.1111/bjd.16140;29171861;study_information;;2;Clinical Trial;;;Yes;TRUE;;
10.1111/bjd.16140;29171861;study_information;;2;NCT (only for clinical trial registered on clinicaltrials.gov);;;NCT01597245;TRUE;;
10.1111/bjd.16140;29171861;study_information;;2;Country where the clinical trial/observational study was conducted (international if more than one);;;international;TRUE;;
10.1111/bjd.16140;29171861;study_information;;2;Phase of the clinical trial (clinical trial only);;;3;TRUE;;
10.1111/bjd.16140;29171861;study_information;;2;Number of treatment arms (clinical trial only);;;2 or more;TRUE;;
10.1111/bjd.16140;29171861;study_information;;3;Patient-level data used;;;Yes;TRUE;;
10.1111/bjd.16140;29171861;study_information;;3;Clinical Trial;;;Yes;TRUE;;
10.1111/bjd.16140;29171861;study_information;;3;NCT (only for clinical trial registered on clinicaltrials.gov);;;NCT01646177;TRUE;;
10.1111/bjd.16140;29171861;study_information;;3;Country where the clinical trial/observational study was conducted (international if more than one);;international;international;FALSE;;
10.1111/bjd.16140;29171861;study_information;;3;Phase of the clinical trial (clinical trial only);;;3;TRUE;;
10.1111/bjd.16140;29171861;study_information;;3;Number of treatment arms (clinical trial only);;;2 or more;TRUE;;
10.1111/bjd.16140;29171861;study_information;;4;Patient-level data used;;;Yes;TRUE;;
10.1111/bjd.16140;29171861;study_information;;4;Clinical Trial;;;Yes;TRUE;;
10.1111/bjd.16140;29171861;study_information;;4;NCT (only for clinical trial registered on clinicaltrials.gov);;;NCT02561806;TRUE;;
10.1111/bjd.16140;29171861;study_information;;4;Country where the clinical trial/observational study was conducted (international if more than one);;;international;TRUE;;
10.1111/bjd.16140;29171861;study_information;;4;Phase of the clinical trial (clinical trial only);;;3;TRUE;;
10.1111/bjd.16140;29171861;study_information;;4;Number of treatment arms (clinical trial only);;;2 or more;TRUE;;
10.1111/bjd.16140;29171861;study_information;;5;Patient-level data used;;;No;TRUE;;
10.1111/bjd.16140;29171861;study_information;;5;Clinical Trial;;;Yes;TRUE;;
10.1111/bjd.16140;29171861;study_information;;5;NCT (only for clinical trial registered on clinicaltrials.gov);;;NCT01358578;TRUE;;
10.1111/bjd.16140;29171861;study_information;;5;Country where the clinical trial/observational study was conducted (international if more than one);;;international;TRUE;;
10.1111/bjd.16140;29171861;study_information;;5;Phase of the clinical trial (clinical trial only);;;3;TRUE;;
10.1111/bjd.16140;29171861;study_information;;5;Number of treatment arms (clinical trial only);;;2 or more;TRUE;;
10.1111/bjd.16140;29171861;study_information;;6;Patient-level data used;;;No;TRUE;;
10.1111/bjd.16140;29171861;study_information;;6;Clinical Trial;;;Yes;TRUE;;
10.1111/bjd.16140;29171861;study_information;;6;NCT (only for clinical trial registered on clinicaltrials.gov);;;NCT01365455;TRUE;;
10.1111/bjd.16140;29171861;study_information;;6;Country where the clinical trial/observational study was conducted (international if more than one);;;international;TRUE;;
10.1111/bjd.16140;29171861;study_information;;6;Phase of the clinical trial (clinical trial only);;;3;TRUE;;
10.1111/bjd.16140;29171861;study_information;;6;Number of treatment arms (clinical trial only);;;2 or more;TRUE;;
10.1111/bjd.16140;29171861;study_information;;7;Patient-level data used;;;No;TRUE;;
10.1111/bjd.16140;29171861;study_information;;7;Clinical Trial;;;Yes;TRUE;;
10.1111/bjd.16140;29171861;study_information;;7;NCT (only for clinical trial registered on clinicaltrials.gov);;;NCT01555125;TRUE;;
10.1111/bjd.16140;29171861;study_information;;7;Country where the clinical trial/observational study was conducted (international if more than one);;;international;TRUE;;
10.1111/bjd.16140;29171861;study_information;;7;Phase of the clinical trial (clinical trial only);;;3;TRUE;;
10.1111/bjd.16140;29171861;study_information;;7;Number of treatment arms (clinical trial only);;;2 or more;TRUE;;
10.1111/bjd.16140;29171861;study_information;;8;Patient-level data used;;;No;TRUE;;
10.1111/bjd.16140;29171861;study_information;;8;Clinical Trial;;;Yes;TRUE;;
10.1111/bjd.16140;29171861;study_information;;8;NCT (only for clinical trial registered on clinicaltrials.gov);;;NCT01636687;TRUE;;
10.1111/bjd.16140;29171861;study_information;;8;Country where the clinical trial/observational study was conducted (international if more than one);;;international;TRUE;;
10.1111/bjd.16140;29171861;study_information;;8;Phase of the clinical trial (clinical trial only);;;3;TRUE;;
10.1111/bjd.16140;29171861;study_information;;8;Number of treatment arms (clinical trial only);;;2 or more;TRUE;;
10.1111/bjd.16140;29171861;study_information;;9;Patient-level data used;;;No;TRUE;;
10.1111/bjd.16140;29171861;study_information;;9;Clinical Trial;;;Yes;TRUE;;
10.1111/bjd.16140;29171861;study_information;;9;NCT (only for clinical trial registered on clinicaltrials.gov);;;NCT02074982;TRUE;;
10.1111/bjd.16140;29171861;study_information;;9;Country where the clinical trial/observational study was conducted (international if more than one);;;international;TRUE;;
10.1111/bjd.16140;29171861;study_information;;9;Phase of the clinical trial (clinical trial only);;;3;TRUE;;
10.1111/bjd.16140;29171861;study_information;;9;Number of treatment arms (clinical trial only);;;2 or more;TRUE;;
10.1111/bjd.16140;29171861;methodology;1;;Treatment name 1;;;ixekizumab;TRUE;"SG total placeboanchored
Sample sizes reported for both treatment and anchored arm together";"weights calculation for the IPD is based on mean values of covariates for total population (SG total).
Commun comparator = Placebo
covariates : weight = other"
10.1111/bjd.16140;29171861;methodology;1;;Study 'number(s)' for treatment 1;;;"1;2;3";TRUE;;
10.1111/bjd.16140;29171861;methodology;1;;Treatment name 2;;;secukinumab;TRUE;;
10.1111/bjd.16140;29171861;methodology;1;;Study 'number(s)' for treatment 2;;;"5;6;7;8";TRUE;;
10.1111/bjd.16140;29171861;methodology;1;;Type of population-adjusted indirect comparisons performed;;;MAIC;TRUE;;
10.1111/bjd.16140;29171861;methodology;1;;Anchored comparison?;;;Yes;TRUE;;
10.1111/bjd.16140;29171861;methodology;1;;Form of the indirect comparison;;;Aggregation of multiple studies to estimate individual treatment effects (e.g. meta-analysis in a first step to estimate treatment A effect, then population adjusted indirect comparison using treatment A effect estimate);TRUE;;
10.1111/bjd.16140;29171861;methodology;1;;Definition of a single primary outcome for the indirect comparison;;;No primary outcome defined, or multiple primary outcomes without any clear distinction between them;TRUE;;
10.1111/bjd.16140;29171861;methodology;1;;Primary Outcome Name (first one mentioned in the text of the results part if no primary outcome defined);pasi 75 at week 12;psoriasis area severity index 75 response rate at week 12;psoriasis area severity index 75 response rate at week 12;FALSE;;
10.1111/bjd.16140;29171861;methodology;1;;Primary outcome: variable type;;;Binary (eg rates);TRUE;;
10.1111/bjd.16140;29171861;methodology;1;;Justification for selecting variables to be included in the adjustment model (in the main text);;;Nothing mentioned, not reported;TRUE;;
10.1111/bjd.16140;29171861;methodology;1;;Inclusion of prognostic factors in the adjustment/matching model;No discussion (in the main text) of the status of prognostic factors of the variables;No;No discussion (in the main text) of the status of prognostic factors of the variables;FALSE;;
10.1111/bjd.16140;29171861;methodology;1;;Inclusion of treatment-effect modifiers in the adjustment/matching model;;;Yes;TRUE;;
10.1111/bjd.16140;29171861;methodology;1;;Mention of the MAIC weights estimation model / STC adjustment model details in the main text **or supplemental materials** (ie matching on first moment, second moment, including interaction term, etc);No;Yes;No;FALSE;;
10.1111/bjd.16140;29171861;methodology;1;;Discussion of the choice of the scale for the outcome in the main text (ie natural outcome scale vs transformed outcome scale);;;No;TRUE;;
10.1111/bjd.16140;29171861;methodology;2;;Treatment name 1;;;ixekizumab;TRUE;"SG separate placebo anchored
Sample sizes reported for both treatment and anchored arm together";"weights calculation for the IPD is based on mean values of covariates for each treatment arm separately (SG separate).
Commun comparator = Placebo
covariates : weight = other"
10.1111/bjd.16140;29171861;methodology;2;;Study 'number(s)' for treatment 1;;;"1;2;3";TRUE;;
10.1111/bjd.16140;29171861;methodology;2;;Treatment name 2;;;secukinumab;TRUE;;
10.1111/bjd.16140;29171861;methodology;2;;Study 'number(s)' for treatment 2;;;"5;6;7;8";TRUE;;
10.1111/bjd.16140;29171861;methodology;2;;Type of population-adjusted indirect comparisons performed;;;MAIC;TRUE;;
10.1111/bjd.16140;29171861;methodology;2;;Anchored comparison?;;;Yes;TRUE;;
10.1111/bjd.16140;29171861;methodology;2;;Form of the indirect comparison;;;Aggregation of multiple studies to estimate individual treatment effects (e.g. meta-analysis in a first step to estimate treatment A effect, then population adjusted indirect comparison using treatment A effect estimate);TRUE;;
10.1111/bjd.16140;29171861;methodology;2;;Definition of a single primary outcome for the indirect comparison;;;No primary outcome defined, or multiple primary outcomes without any clear distinction between them;TRUE;;
10.1111/bjd.16140;29171861;methodology;2;;Primary Outcome Name (first one mentioned in the text of the results part if no primary outcome defined);pasi 75 at week 12;psoriasis area severity index 75 response rate at week 12;psoriasis area severity index 75 response rate at week 12;FALSE;;
10.1111/bjd.16140;29171861;methodology;2;;Primary outcome: variable type;;;Binary (eg rates);TRUE;;
10.1111/bjd.16140;29171861;methodology;2;;Justification for selecting variables to be included in the adjustment model (in the main text);;;Nothing mentioned, not reported;TRUE;;
10.1111/bjd.16140;29171861;methodology;2;;Inclusion of prognostic factors in the adjustment/matching model;No discussion (in the main text) of the status of prognostic factors of the variables;No;No discussion (in the main text) of the status of prognostic factors of the variables;FALSE;;
10.1111/bjd.16140;29171861;methodology;2;;Inclusion of treatment-effect modifiers in the adjustment/matching model;;;Yes;TRUE;;
10.1111/bjd.16140;29171861;methodology;2;;Mention of the MAIC weights estimation model / STC adjustment model details in the main text **or supplemental materials** (ie matching on first moment, second moment, including interaction term, etc);;;No;TRUE;;
10.1111/bjd.16140;29171861;methodology;2;;Discussion of the choice of the scale for the outcome in the main text (ie natural outcome scale vs transformed outcome scale);;;No;TRUE;;
10.1111/bjd.16140;29171861;methodology;3;;Treatment name 1;;;ixekizumab;TRUE;"SG total etanercept anchored
Sample sizes reported for both treatment and anchored arm together";"weights calculation for the IPD is based on mean values of covariates for total population (SG total).
Commun comparator = Etanercept
covariates : weight = other"
10.1111/bjd.16140;29171861;methodology;3;;Study 'number(s)' for treatment 1;;;"2;3";TRUE;;
10.1111/bjd.16140;29171861;methodology;3;;Treatment name 2;;;secukinumab;TRUE;;
10.1111/bjd.16140;29171861;methodology;3;;Study 'number(s)' for treatment 2;;;5;TRUE;;
10.1111/bjd.16140;29171861;methodology;3;;Type of population-adjusted indirect comparisons performed;;;MAIC;TRUE;;
10.1111/bjd.16140;29171861;methodology;3;;Anchored comparison?;;;Yes;TRUE;;
10.1111/bjd.16140;29171861;methodology;3;;Form of the indirect comparison;;;Aggregation of multiple studies to estimate individual treatment effects (e.g. meta-analysis in a first step to estimate treatment A effect, then population adjusted indirect comparison using treatment A effect estimate);TRUE;;
10.1111/bjd.16140;29171861;methodology;3;;Definition of a single primary outcome for the indirect comparison;;;No primary outcome defined, or multiple primary outcomes without any clear distinction between them;TRUE;;
10.1111/bjd.16140;29171861;methodology;3;;Primary Outcome Name (first one mentioned in the text of the results part if no primary outcome defined);pasi 75 at week 12;psoriasis area severity index 75 response rate at week 12;psoriasis area severity index 75 response rate at week 12;FALSE;;
10.1111/bjd.16140;29171861;methodology;3;;Primary outcome: variable type;;;Binary (eg rates);TRUE;;
10.1111/bjd.16140;29171861;methodology;3;;Justification for selecting variables to be included in the adjustment model (in the main text);;;Nothing mentioned, not reported;TRUE;;
10.1111/bjd.16140;29171861;methodology;3;;Inclusion of prognostic factors in the adjustment/matching model;No discussion (in the main text) of the status of prognostic factors of the variables;No;No discussion (in the main text) of the status of prognostic factors of the variables;FALSE;;
10.1111/bjd.16140;29171861;methodology;3;;Inclusion of treatment-effect modifiers in the adjustment/matching model;;;Yes;TRUE;;
10.1111/bjd.16140;29171861;methodology;3;;Mention of the MAIC weights estimation model / STC adjustment model details in the main text **or supplemental materials** (ie matching on first moment, second moment, including interaction term, etc);;;No;TRUE;;
10.1111/bjd.16140;29171861;methodology;3;;Discussion of the choice of the scale for the outcome in the main text (ie natural outcome scale vs transformed outcome scale);;;No;TRUE;;
10.1111/bjd.16140;29171861;methodology;4;;Treatment name 1;;;ixekizumab;TRUE;"SG separate etanercept anchored
Sample sizes reported for both treatment and anchored arm together";"weights calculation for the IPD is based on mean values of covariates for each treatment arm separately (SG separate).
Commun comparator = Etanercept
covariates : weight = other"
10.1111/bjd.16140;29171861;methodology;4;;Study 'number(s)' for treatment 1;;;"2;3";TRUE;;
10.1111/bjd.16140;29171861;methodology;4;;Treatment name 2;;;secukinumab;TRUE;;
10.1111/bjd.16140;29171861;methodology;4;;Study 'number(s)' for treatment 2;;;5;TRUE;;
10.1111/bjd.16140;29171861;methodology;4;;Type of population-adjusted indirect comparisons performed;;;MAIC;TRUE;;
10.1111/bjd.16140;29171861;methodology;4;;Anchored comparison?;;;Yes;TRUE;;
10.1111/bjd.16140;29171861;methodology;4;;Form of the indirect comparison;;;Aggregation of multiple studies to estimate individual treatment effects (e.g. meta-analysis in a first step to estimate treatment A effect, then population adjusted indirect comparison using treatment A effect estimate);TRUE;;
10.1111/bjd.16140;29171861;methodology;4;;Definition of a single primary outcome for the indirect comparison;;;No primary outcome defined, or multiple primary outcomes without any clear distinction between them;TRUE;;
10.1111/bjd.16140;29171861;methodology;4;;Primary Outcome Name (first one mentioned in the text of the results part if no primary outcome defined);pasi 75 at week 12;psoriasis area severity index 75 response rate at week 12;psoriasis area severity index 75 response rate at week 12;FALSE;;
10.1111/bjd.16140;29171861;methodology;4;;Primary outcome: variable type;;;Binary (eg rates);TRUE;;
10.1111/bjd.16140;29171861;methodology;4;;Justification for selecting variables to be included in the adjustment model (in the main text);;;Nothing mentioned, not reported;TRUE;;
10.1111/bjd.16140;29171861;methodology;4;;Inclusion of prognostic factors in the adjustment/matching model;No discussion (in the main text) of the status of prognostic factors of the variables;No;No discussion (in the main text) of the status of prognostic factors of the variables;FALSE;;
10.1111/bjd.16140;29171861;methodology;4;;Inclusion of treatment-effect modifiers in the adjustment/matching model;;;Yes;TRUE;;
10.1111/bjd.16140;29171861;methodology;4;;Mention of the MAIC weights estimation model / STC adjustment model details in the main text **or supplemental materials** (ie matching on first moment, second moment, including interaction term, etc);;;No;TRUE;;
10.1111/bjd.16140;29171861;methodology;4;;Discussion of the choice of the scale for the outcome in the main text (ie natural outcome scale vs transformed outcome scale);;;No;TRUE;;
10.1111/bjd.16140;29171861;methodology;5;;Treatment name 1;;;ixekizumab;TRUE;"SG total ustekinumab anchored
Sample sizes reported for both treatment and anchored arm together";"weights calculation for the IPD is based on mean values of covariates for total population (SG total).
Commun comparator = Ustekinumab
covariates : weight = other"
10.1111/bjd.16140;29171861;methodology;5;;Study 'number(s)' for treatment 1;;;4;TRUE;;
10.1111/bjd.16140;29171861;methodology;5;;Treatment name 2;;;secukinumab;TRUE;;
10.1111/bjd.16140;29171861;methodology;5;;Study 'number(s)' for treatment 2;;;9;TRUE;;
10.1111/bjd.16140;29171861;methodology;5;;Type of population-adjusted indirect comparisons performed;;;MAIC;TRUE;;
10.1111/bjd.16140;29171861;methodology;5;;Anchored comparison?;;;Yes;TRUE;;
10.1111/bjd.16140;29171861;methodology;5;;Form of the indirect comparison;;;Simple (ie treatments effects extracted from two studies);TRUE;;
10.1111/bjd.16140;29171861;methodology;5;;Definition of a single primary outcome for the indirect comparison;;;No primary outcome defined, or multiple primary outcomes without any clear distinction between them;TRUE;;
10.1111/bjd.16140;29171861;methodology;5;;Primary Outcome Name (first one mentioned in the text of the results part if no primary outcome defined);pasi 75 at week 12;psoriasis area severity index 75 response rate at week 12;psoriasis area severity index 75 response rate at week 12;FALSE;;
10.1111/bjd.16140;29171861;methodology;5;;Primary outcome: variable type;;;Binary (eg rates);TRUE;;
10.1111/bjd.16140;29171861;methodology;5;;Justification for selecting variables to be included in the adjustment model (in the main text);;;Nothing mentioned, not reported;TRUE;;
10.1111/bjd.16140;29171861;methodology;5;;Inclusion of prognostic factors in the adjustment/matching model;No discussion (in the main text) of the status of prognostic factors of the variables;No;No discussion (in the main text) of the status of prognostic factors of the variables;FALSE;;
10.1111/bjd.16140;29171861;methodology;5;;Inclusion of treatment-effect modifiers in the adjustment/matching model;;;Yes;TRUE;;
10.1111/bjd.16140;29171861;methodology;5;;Mention of the MAIC weights estimation model / STC adjustment model details in the main text **or supplemental materials** (ie matching on first moment, second moment, including interaction term, etc);;;No;TRUE;;
10.1111/bjd.16140;29171861;methodology;5;;Discussion of the choice of the scale for the outcome in the main text (ie natural outcome scale vs transformed outcome scale);;;No;TRUE;;
10.1111/bjd.16140;29171861;methodology;6;;Treatment name 1;;;ixekizumab;TRUE;"SG separate ustekinumab anchored
Sample sizes reported for both treatment and anchored arm together";"weights calculation for the IPD is based on mean values of covariates for each treatment arm separately (SG separate).
Commun comparator = Ustekinumab
covariates : weight = other"
10.1111/bjd.16140;29171861;methodology;6;;Study 'number(s)' for treatment 1;;;4;TRUE;;
10.1111/bjd.16140;29171861;methodology;6;;Treatment name 2;;;secukinumab;TRUE;;
10.1111/bjd.16140;29171861;methodology;6;;Study 'number(s)' for treatment 2;9;6;9;FALSE;;
10.1111/bjd.16140;29171861;methodology;6;;Type of population-adjusted indirect comparisons performed;;;MAIC;TRUE;;
10.1111/bjd.16140;29171861;methodology;6;;Anchored comparison?;;;Yes;TRUE;;
10.1111/bjd.16140;29171861;methodology;6;;Form of the indirect comparison;;;Simple (ie treatments effects extracted from two studies);TRUE;;
10.1111/bjd.16140;29171861;methodology;6;;Definition of a single primary outcome for the indirect comparison;;;No primary outcome defined, or multiple primary outcomes without any clear distinction between them;TRUE;;
10.1111/bjd.16140;29171861;methodology;6;;Primary Outcome Name (first one mentioned in the text of the results part if no primary outcome defined);pasi 75 at week 12;psoriasis area severity index 75 response rate at week 12;psoriasis area severity index 75 response rate at week 12;FALSE;;
10.1111/bjd.16140;29171861;methodology;6;;Primary outcome: variable type;;;Binary (eg rates);TRUE;;
10.1111/bjd.16140;29171861;methodology;6;;Justification for selecting variables to be included in the adjustment model (in the main text);;;Nothing mentioned, not reported;TRUE;;
10.1111/bjd.16140;29171861;methodology;6;;Inclusion of prognostic factors in the adjustment/matching model;No discussion (in the main text) of the status of prognostic factors of the variables;No;No discussion (in the main text) of the status of prognostic factors of the variables;FALSE;;
10.1111/bjd.16140;29171861;methodology;6;;Inclusion of treatment-effect modifiers in the adjustment/matching model;;;Yes;TRUE;;
10.1111/bjd.16140;29171861;methodology;6;;Mention of the MAIC weights estimation model / STC adjustment model details in the main text **or supplemental materials** (ie matching on first moment, second moment, including interaction term, etc);;;No;TRUE;;
10.1111/bjd.16140;29171861;methodology;6;;Discussion of the choice of the scale for the outcome in the main text (ie natural outcome scale vs transformed outcome scale);;;No;TRUE;;
10.1111/bjd.16140;29171861;results;1;;Initial sample size of the population of interest in the IPD treatment arm;;;1956;TRUE;;
10.1111/bjd.16140;29171861;results;1;;"Sample size in the IPD treatment arm used in the indirect comparison, ie effective sample size after reweighting for MAIC; or sample size used in the regression model for STC";;;1666;TRUE;;
10.1111/bjd.16140;29171861;results;1;;Reporting of a weights' distribution evaluation (MAIC);;;Not mentioned;TRUE;;
10.1111/bjd.16140;29171861;results;1;;Reporting of the list of the covariates adjusted for/matched on;;;Yes;TRUE;;
10.1111/bjd.16140;29171861;results;1;;Number of covariates adjusted for/matched on;;;6;TRUE;;
10.1111/bjd.16140;29171861;results;1;;Covariates adjusted for/matched on in the indirect comparison;;;Age, Sex, Disease severity/disease history (ie past conditions or symptoms directly related to the disease of interest, eg history of venous thromboembolism in sickle cell disease), Past treatments for the disease of interest, Other(s);TRUE;;
10.1111/bjd.16140;29171861;results;1;;Primary outcome: treatment effect contrast;;;Risk difference;TRUE;;
10.1111/bjd.16140;29171861;results;1;;Direction of the treatment effect contrast: IPD treatment is:;;;Numerator if ratio, or left side if difference;TRUE;;
10.1111/bjd.16140;29171861;results;1;;Sample size of the population of interest in the non IPD treatment arm;653;;653;FALSE;;
10.1111/bjd.16140;29171861;results;1;;p-value for the unadjusted treatment effect (or 95 CI if pvalue is not provided, written as [X.XX-Y.YY]);0.00007;;;FALSE;;
10.1111/bjd.16140;29171861;results;1;;"p-value for the adjusted treatment effect (or 95 CI if pvalue is not provided, written as [X.XX;Y.YY])";0.0002;;;FALSE;;
10.1111/bjd.16140;29171861;results;2;;Reporting of a weights' distribution evaluation (MAIC);;;Not mentioned;TRUE;;
10.1111/bjd.16140;29171861;results;2;;Reporting of the list of the covariates adjusted for/matched on;;;Yes;TRUE;;
10.1111/bjd.16140;29171861;results;2;;Number of covariates adjusted for/matched on;;;6;TRUE;;
10.1111/bjd.16140;29171861;results;2;;Covariates adjusted for/matched on in the indirect comparison;;;Age, Sex, Disease severity/disease history (ie past conditions or symptoms directly related to the disease of interest, eg history of venous thromboembolism in sickle cell disease), Past treatments for the disease of interest, Other(s);TRUE;;
10.1111/bjd.16140;29171861;results;2;;Primary outcome: treatment effect contrast;;;Risk difference;TRUE;;
10.1111/bjd.16140;29171861;results;2;;Direction of the treatment effect contrast: IPD treatment is:;;;Numerator if ratio, or left side if difference;TRUE;;
10.1111/bjd.16140;29171861;results;2;;Sample size of the population of interest in the non IPD treatment arm;653;;;FALSE;;
10.1111/bjd.16140;29171861;results;2;;Initial sample size of the population of interest in the IPD treatment arm;1956;;;FALSE;;
10.1111/bjd.16140;29171861;results;2;;"Sample size in the IPD treatment arm used in the indirect comparison, ie effective sample size after reweighting for MAIC; or sample size used in the regression model for STC";1666;;;FALSE;;
10.1111/bjd.16140;29171861;results;2;;p-value for the unadjusted treatment effect (or 95 CI if pvalue is not provided, written as [X.XX-Y.YY]);0.00007;;;FALSE;;
10.1111/bjd.16140;29171861;results;2;;"p-value for the adjusted treatment effect (or 95 CI if pvalue is not provided, written as [X.XX;Y.YY])";0.0003;;;FALSE;;
10.1111/bjd.16140;29171861;results;3;;Initial sample size of the population of interest in the IPD treatment arm;;;1465;TRUE;;
10.1111/bjd.16140;29171861;results;3;;"Sample size in the IPD treatment arm used in the indirect comparison, ie effective sample size after reweighting for MAIC; or sample size used in the regression model for STC";;;989;TRUE;;
10.1111/bjd.16140;29171861;results;3;;Reporting of a weights' distribution evaluation (MAIC);;;Not mentioned;TRUE;;
10.1111/bjd.16140;29171861;results;3;;Reporting of the list of the covariates adjusted for/matched on;;;Yes;TRUE;;
10.1111/bjd.16140;29171861;results;3;;Number of covariates adjusted for/matched on;;;7;TRUE;;
10.1111/bjd.16140;29171861;results;3;;Covariates adjusted for/matched on in the indirect comparison;;;Age, Sex, Disease severity/disease history (ie past conditions or symptoms directly related to the disease of interest, eg history of venous thromboembolism in sickle cell disease), Past treatments for the disease of interest, Other(s);TRUE;;
10.1111/bjd.16140;29171861;results;3;;Primary outcome: treatment effect contrast;;;Risk difference;TRUE;;
10.1111/bjd.16140;29171861;results;3;;Direction of the treatment effect contrast: IPD treatment is:;;;Numerator if ratio, or left side if difference;TRUE;;
10.1111/bjd.16140;29171861;results;3;;p-value for the unadjusted treatment effect (or 95 CI if pvalue is not provided, written as [X.XX-Y.YY]);0.1;0.7;;FALSE;;
10.1111/bjd.16140;29171861;results;3;;"p-value for the adjusted treatment effect (or 95 CI if pvalue is not provided, written as [X.XX;Y.YY])";0.7;0.1;;FALSE;;
10.1111/bjd.16140;29171861;results;3;;Sample size of the population of interest in the non IPD treatment arm;653;;;FALSE;;
10.1111/bjd.16140;29171861;results;4;;Reporting of a weights' distribution evaluation (MAIC);;;Not mentioned;TRUE;;
10.1111/bjd.16140;29171861;results;4;;Reporting of the list of the covariates adjusted for/matched on;;;Yes;TRUE;;
10.1111/bjd.16140;29171861;results;4;;Number of covariates adjusted for/matched on;;;7;TRUE;;
10.1111/bjd.16140;29171861;results;4;;Covariates adjusted for/matched on in the indirect comparison;;;Age, Sex, Disease severity/disease history (ie past conditions or symptoms directly related to the disease of interest, eg history of venous thromboembolism in sickle cell disease), Past treatments for the disease of interest, Other(s);TRUE;;
10.1111/bjd.16140;29171861;results;4;;Primary outcome: treatment effect contrast;;;Risk difference;TRUE;;
10.1111/bjd.16140;29171861;results;4;;Direction of the treatment effect contrast: IPD treatment is:;;;Numerator if ratio, or left side if difference;TRUE;;
10.1111/bjd.16140;29171861;results;4;;p-value for the unadjusted treatment effect (or 95 CI if pvalue is not provided, written as [X.XX-Y.YY]);0.1;0.69;;FALSE;;
10.1111/bjd.16140;29171861;results;4;;"p-value for the adjusted treatment effect (or 95 CI if pvalue is not provided, written as [X.XX;Y.YY])";0.69;0.1;;FALSE;;
10.1111/bjd.16140;29171861;results;4;;Sample size of the population of interest in the non IPD treatment arm;653;;;FALSE;;
10.1111/bjd.16140;29171861;results;4;;Initial sample size of the population of interest in the IPD treatment arm;1465;;;FALSE;;
10.1111/bjd.16140;29171861;results;4;;"Sample size in the IPD treatment arm used in the indirect comparison, ie effective sample size after reweighting for MAIC; or sample size used in the regression model for STC";989;;;FALSE;;
10.1111/bjd.16140;29171861;results;5;;Initial sample size of the population of interest in the IPD treatment arm;;;259;TRUE;;
10.1111/bjd.16140;29171861;results;5;;"Sample size in the IPD treatment arm used in the indirect comparison, ie effective sample size after reweighting for MAIC; or sample size used in the regression model for STC";;;122;TRUE;;
10.1111/bjd.16140;29171861;results;5;;Reporting of a weights' distribution evaluation (MAIC);;;Not mentioned;TRUE;;
10.1111/bjd.16140;29171861;results;5;;Reporting of the list of the covariates adjusted for/matched on;;;Yes;TRUE;;
10.1111/bjd.16140;29171861;results;5;;Number of covariates adjusted for/matched on;;;8;TRUE;;
10.1111/bjd.16140;29171861;results;5;;Covariates adjusted for/matched on in the indirect comparison;;;Age, Sex, Disease severity/disease history (ie past conditions or symptoms directly related to the disease of interest, eg history of venous thromboembolism in sickle cell disease), Past treatments for the disease of interest, Other(s);TRUE;;
10.1111/bjd.16140;29171861;results;5;;Primary outcome: treatment effect contrast;Risk difference;Rate difference;;FALSE;;
10.1111/bjd.16140;29171861;results;5;;Direction of the treatment effect contrast: IPD treatment is:;;;Numerator if ratio, or left side if difference;TRUE;;
10.1111/bjd.16140;29171861;results;5;;p-value for the unadjusted treatment effect (or 95 CI if pvalue is not provided, written as [X.XX-Y.YY]);0.21;0.26;;FALSE;;
10.1111/bjd.16140;29171861;results;5;;"p-value for the adjusted treatment effect (or 95 CI if pvalue is not provided, written as [X.XX;Y.YY])";0.33;0.21;;FALSE;;
10.1111/bjd.16140;29171861;results;5;;Sample size of the population of interest in the non IPD treatment arm;676;;;FALSE;;
10.1111/bjd.16140;29171861;results;6;;Reporting of a weights' distribution evaluation (MAIC);;;Not mentioned;TRUE;;
10.1111/bjd.16140;29171861;results;6;;Reporting of the list of the covariates adjusted for/matched on;;;Yes;TRUE;;
10.1111/bjd.16140;29171861;results;6;;Number of covariates adjusted for/matched on;;;8;TRUE;;
10.1111/bjd.16140;29171861;results;6;;Covariates adjusted for/matched on in the indirect comparison;;;Age, Sex, Disease severity/disease history (ie past conditions or symptoms directly related to the disease of interest, eg history of venous thromboembolism in sickle cell disease), Past treatments for the disease of interest, Other(s);TRUE;;
10.1111/bjd.16140;29171861;results;6;;Primary outcome: treatment effect contrast;;;Risk difference;TRUE;;
10.1111/bjd.16140;29171861;results;6;;Direction of the treatment effect contrast: IPD treatment is:;;;Numerator if ratio, or left side if difference;TRUE;;
10.1111/bjd.16140;29171861;results;6;;p-value for the unadjusted treatment effect (or 95 CI if pvalue is not provided, written as [X.XX-Y.YY]);0.21;0.16;;FALSE;;
10.1111/bjd.16140;29171861;results;6;;"p-value for the adjusted treatment effect (or 95 CI if pvalue is not provided, written as [X.XX;Y.YY])";0.24;0.21;;FALSE;;
10.1111/bjd.16140;29171861;results;6;;Sample size of the population of interest in the non IPD treatment arm;676;;;FALSE;;
10.1111/bjd.16140;29171861;results;6;;Initial sample size of the population of interest in the IPD treatment arm;259;;;FALSE;;
10.1111/bjd.16140;29171861;results;6;;"Sample size in the IPD treatment arm used in the indirect comparison, ie effective sample size after reweighting for MAIC; or sample size used in the regression model for STC";122;;;FALSE;;
